DATE,AVE_TEMP,AVE_RH,TOT_PREC,MIN_TEMP,MIN_TEMT,MIN_RH,MIN_RHT,MAX_WS,MAX_WST,MAX_TEMP,MAX_TEMT,MAX_RH,MAX_RHT,MAX_GSW,MAX_GSWT,MAX_DSW,MAX_DSWT,MAX_NETR,MAX_NETT,MAX_GPAR,MAX_GPAT,MAX_DPAR,MAX_DPAT,TOT_GSW,TOT_DSW,TOT_GPAR,TOT_DPAR,POT_PAR,POT_SW,KT_PAR,KT_SW,MIN_NETR,TOT_NETR,AVE_BP,AVE_SWS,AVE_RWD,AVE_RWS,WD_SD
1/1/2001,-9.4,72,0,-18.7,717,50,1341,6.5,1148,-1.5,1359,92,356,446,1147,66,1002,9,957,887,1151,549.2,1408,9393,1696,17.55,6.91,22.44,1.30E+04,78,74,-66,-3.00E+03,752.31018,1.656,359.1,0.856,56.29
1/2/2001,-11.5,74,0,-20.4,747,50,1346,8.5,1716,-4.2,1341,91,2354,493,1102,73,1036,2,1203,887,1158,565.1,1406,9318,1783,17.18,6.97,22.53,1.30E+04,76,73,-69,-3.00E+03,756.06048,1.629,343.6,0.854,55.87
1/3/2001,-8.7,73,0,-19.2,247,51,1329,5.3,1450,0,1408,91,51,496,1205,156,1236,14,1054,993,1205,559,1404,8694,2828,16.96,8.14,22.64,1.30E+04,75,68,-46,-2.00E+03,753.06024,1.751,166.9,1.219,44.66
1/4/2001,-3.5,66,0,-7,2358,52,1345,7.7,1038,0.5,1345,83,2359,545,1108,292,1136,59,1343,1077,1117,669.3,1343,7017,4054,13.97,8.6,22.75,1.30E+04,61,55,-58,-998,747.80982,2.308,240.3,1.881,34.86
1/5/2001,-5.9,86,4.6,-14,332,55,1131,9.3,1144,-0.6,1128,97,2128,450,1124,282,1124,61,1124,931,1124,544.6,1124,4259,3918,8.89,7.97,22.87,1.30E+04,39,33,-40,-229,742.5594,1.798,141.7,1.354,40.25
1/6/2001,-4.1,84,0,-11.1,254,63,1538,6.5,1633,2.3,1407,96,17,554,1304,256,1304,47,1304,1065,1304,707,1402,6975,3083,13.53,6.94,23,1.30E+04,59,54,-118,-1.00E+03,740.30922,1.175,330.8,0.596,56.85
1/7/2001,-4,81,0,-12.5,254,58,1258,4.5,1330,2.7,1348,96,2334,478,1021,261,1123,39,858,950,1021,497.7,1123,4845,4524,10.21,9.1,23.14,1.30E+04,44,37,-28,142,745.55964,1.375,124.9,1.038,40.13
1/8/2001,-2.4,87,3.8,-9.3,438,57,1418,4.5,2127,4,1422,98,2101,210,1001,193,1048,30,1055,514.9,1001,428.4,1035,3322,3322,7.88,7.59,23.29,1.30E+04,34,25,-3,388,745.55964,1.064,42.83,0.394,64.3
1/9/2001,-3.4,72,0,-6.8,2240,52,1459,8.1,2247,-0.9,1503,97,0,555,1148,252,1154,65,1055,518.8,1457,518.8,1454,5548,3940,7.2,6.85,23.45,1.30E+04,31,42,-54,-869,744.05952,2.367,318.9,1.753,41.24
1/10/2001,-9.2,59,0.5,-15.9,2323,35,1528,11.3,450,-4.3,1515,91,135,651,1201,262,1302,34,1007,1310,1201,676.6,1346,9050,2772,18.04,9.71,23.61,1.30E+04,76,68,-62,-3.00E+03,749.30994,2.431,352,1.141,59
1/11/2001,-4.2,76,0,-15.7,0,48,1229,9.3,1442,5.4,1317,95,2202,454,1146,136,918,18,1009,908,1146,628.4,1342,8460,2582,16.89,8.69,23.79,1.30E+04,71,63,-65,-2.00E+03,748.55988,1.693,300.8,0.094,78.7
1/12/2001,-6.6,74,0,-14.2,732,39,1346,5.7,1235,2.5,1345,95,109,536,1022,82,1053,79,936,955,1158,707,1339,1.00E+04,1991,19.1,7.95,23.97,1.40E+04,80,75,-67,-981,754.56036,1.483,41.43,0.582,63.12
1/13/2001,-7.7,73,0,-16.2,408,44,1506,4.5,1329,2.5,1505,91,28,490,1058,87,858,42,1148,947,1207,714,1333,9418,2001,18.46,8.1,24.16,1.40E+04,76,69,-60,-2.00E+03,757.5606,1.401,128,0.884,49.19
1/14/2001,-4.6,80,0,-13.2,701,54,1444,3.7,235,3.7,1444,93,204,330,1427,270,1229,44,1159,693.1,1427,594,1427,5393,4989,11.91,10.74,24.36,1.40E+04,49,39,-36,-120,756.06048,1.009,116.7,0.511,56.91
1/15/2001,0.1,94,1.5,-2,104,83,208,3.7,2249,1.5,1425,98,2222,100,1100,99,1100,16,1423,240.9,1100,211.9,1059,1284,1284,3.17,2.98,24.57,1.40E+04,13,9,-6,214,752.31018,0.862,319.9,0.206,70.7
1/16/2001,2.9,78,0,0.3,15,53,1425,8.1,1422,6.7,1224,98,129,722,1142,344,1143,165,1142,1447,1142,661.3,1143,5176,3972,10.95,9.18,24.78,1.40E+04,44,37,-45,400,747.80982,2.23,256.2,1.384,49.88
1/17/2001,1.1,71,0,-5.8,2359,54,1104,8.1,1659,4.5,1103,85,0,289,939,235,1248,61,1248,574.2,939,469.2,1248,3598,3598,7.97,7.31,25.01,1.40E+04,32,25,-62,-914,753.06024,1.897,291.1,1.292,45.73
1/18/2001,-3.4,81,0,-10.2,350,55,1318,7.3,1357,1.3,1330,94,237,236,1322,224,1322,55,1322,523.4,1322,447.5,1322,3335,3335,7.75,7.42,25.24,1.40E+04,31,23,-48,64,755.31042,1.907,142.5,1.44,40.11
1/19/2001,0.5,96,7.1,-0.8,0,92,2354,4.9,1843,1.8,1207,98,906,93,1414,92,1414,21,1414,227.7,1414,200.6,1414,1428,1428,3.6,3.45,25.48,1.40E+04,14,10,-21,66,748.55988,1.314,28.56,0.443,65.96
1/20/2001,-3.1,83,2,-6.9,2230,74,1514,6.9,2259,0.9,10,95,511,151,1225,150,1225,18,1224,372.3,1225,330,1225,2246,2246,5.53,5.28,25.73,1.50E+04,21,15,-7,-69,750.06,2.162,354.5,1.909,27.7
1/21/2001,-7.7,78,15.5,-16.5,2336,43,1506,8.5,240,-1.2,1522,93,704,588,1237,109,1115,27,1114,913,1311,460.8,1414,7284,1951,9.21,6.72,25.99,1.50E+04,35,50,-69,-1.00E+03,750.81006,2.279,347.6,1.43,49.43
1/22/2001,-10.2,78,0,-18.7,643,47,1505,3.7,0,0.6,1513,92,2212,530,1212,106,1218,71,931,995,1159,609.3,1421,1.10E+04,2602,20.37,7.88,26.25,1.50E+04,78,74,-56,-1.00E+03,761.3109,1.422,113.3,0.824,52.53
1/23/2001,-8.8,77,0,-19.4,743,45,1444,6.5,1256,2.4,1510,93,2354,543,1031,93,1110,28,944,1021,1201,659.4,1409,1.10E+04,2368,20.55,8.2,26.52,1.50E+04,77,75,-58,-2.00E+03,756.06048,1.896,149.1,1.273,46.44
1/24/2001,-5.9,78,0,-15.9,750,47,1419,3.3,1327,3.9,1418,91,144,532,1105,128,1140,45,1140,976,1157,641.5,1401,1.00E+04,3407,19.32,9.74,26.8,1.50E+04,72,67,-42,-753,749.30994,1.203,118.7,0.45,64.09
1/25/2001,-2.4,70,0,-8.8,2305,48,1156,9.3,1550,3.3,1427,90,741,687,1152,323,1151,147,1153,1311,1152,887,1420,7251,4424,14.59,10.27,27.08,1.50E+04,54,47,-63,-1.00E+03,751.56012,1.741,355.8,1.205,44.96
1/26/2001,-7.1,70,0,-16,726,44,1412,4.5,109,-0.3,1412,92,509,532,1203,107,1524,52,1124,1053,1204,795,1343,1.20E+04,2495,21.69,8.87,27.38,1.50E+04,79,75,-53,-1.00E+03,753.8103,1.455,132.3,0.526,64.72
1/27/2001,-1.1,70,0,-4.7,710,57,2134,8.9,1759,3.5,1256,92,716,527,1116,326,1247,64,1242,1049,1116,658.7,1246,7293,5637,15.05,11.45,27.68,1.60E+04,54,47,-51,-176,745.55964,2.349,246.7,0.837,64.98
1/28/2001,-3.4,61,0,-12.3,2300,34,1330,8.1,102,1.7,1410,88,2302,533,1147,140,1016,57,1017,1069,1203,857,1317,1.10E+04,2748,22.13,10.42,27.99,1.60E+04,79,70,-70,-2.00E+03,753.8103,2.093,323.5,1.095,55.94
1/29/2001,-4.4,66,0,-11.2,58,42,1348,6.1,1404,2.2,1220,86,703,729,1215,306,1219,92,1215,1468,1215,1080,1303,9765,4624,19.8,11.51,28.3,1.60E+04,70,61,-47,-850,756.06048,1.849,155.4,1.265,45.5
1/30/2001,1.7,84,13.5,-1,1,58,44,10.9,1231,5.8,1406,98,2305,202,1441,196,1441,61,1441,452.8,1441,401.3,1441,1342,1342,3.34,3.2,28.62,1.60E+04,12,8,-28,384,742.5594,2.347,145.4,1.892,35.69
1/31/2001,4.8,77,0,1.9,454,55,1406,9.7,1239,8.5,1404,97,1,615,1346,273,1350,209,1346,1264,1347,888,1409,4071,3767,9.1,8.31,28.95,1.60E+04,31,25,-36,1219,740.30922,2.774,229.6,1.673,51.03
2/1/2001,2.6,73,0,-3.8,2322,50,1339,9.3,1123,7.3,1059,96,2338,734,1058,287,1220,256,1058,1497,1059,579.4,1220,6033,4217,12.89,8.55,29.29,1.70E+04,44,36,-66,480,750.81006,2.302,237.6,1.376,51.38
2/2/2001,-0.2,82,1.8,-6.7,2350,54,2244,12.9,2121,3.8,1306,96,3,480,1228,319,1251,154,1228,953,1228,613.8,1251,4879,4879,10.71,10.11,29.63,1.70E+04,36,29,-51,590,749.30994,2.275,176.2,0.841,64.3
2/3/2001,-5.7,55,0,-12,2352,32,1414,8.9,805,-0.6,1413,84,2356,576,1137,144,934,67,1241,1121,1137,812,1330,1.10E+04,3232,21.07,11.18,29.97,1.70E+04,70,64,-72,-2.00E+03,754.56036,2.46,307.5,1.723,44.35
2/4/2001,-6.6,74,0,-14.9,446,47,1202,6.5,1316,-0.5,1345,90,346,313,1237,291,1239,84,1239,691.1,1237,572.3,1143,4485,4485,10.05,9.88,30.33,1.70E+04,33,26,-54,-392,758.31066,1.659,143.8,1.106,46.75
2/5/2001,-2.1,92,30.5,-6.1,124,76,948,7.7,1829,0.4,944,97,1740,86,930,84,930,24,930,211.2,1006,188.1,1006,1075,1075,2.44,2.29,30.69,1.70E+04,8,6,-41,-107,747.80982,1.818,345.4,1.297,43.35
2/6/2001,1.5,78,0,-3.9,103,53,1406,9.7,1155,4.7,1400,97,200,606,1019,314,1010,85,1019,898,1304,600.6,1302,4414,4414,8.23,8.23,31.05,1.80E+04,27,25,-73,-129,747.05976,2.316,250.6,1.951,32.14
2/7/2001,0.6,65,0,-5.3,2328,40,1244,8.9,1727,5.6,1244,90,202,861,1148,361,1154,250,1148,1727,1148,759,1410,7954,5590,16.67,11.97,31.42,1.80E+04,53,45,-58,-918,756.06048,2.249,299.1,1.797,36.28
2/8/2001,-2.4,81,0,-8.9,444,66,2022,4.5,704,1.1,2157,94,200,217,1033,209,1033,49,1033,498.4,1033,433.7,1033,2654,2654,6.36,6.21,31.8,1.80E+04,20,15,-41,95,760.56084,1.575,110.9,1.056,46.5
2/9/2001,2.4,90,5.1,-0.1,308,79,1503,6.5,438,6,1425,97,904,390,1420,280,1328,118,1414,795,1357,673.2,1420,4163,4163,9.57,9.16,32.18,1.80E+04,30,23,-23,1203,750.81006,1.739,139.5,1.208,44.77
2/10/2001,3.1,52,0,-6.2,2359,31,1157,16.4,812,11.6,254,95,6,605,959,192,913,198,913,1239,1027,874,1322,1.30E+04,2899,26.61,11.4,32.57,1.80E+04,82,73,-70,1593,746.3097,4.526,290.5,3.387,40.64
2/11/2001,-7.3,41,0,-12.6,2333,24,1357,10.9,22,-2.7,1318,58,33,623,1106,70,1105,173,1104,1209,1116,923,1255,1.40E+04,2168,26.8,11.46,32.96,1.90E+04,81,74,-75,-847,762.06096,3.026,330.2,2.516,33.24
2/12/2001,-7.5,50,0,-15.9,616,24,1244,6.5,1429,-1.3,1425,89,2359,666,926,202,925,208,926,1314,926,390.8,925,1.40E+04,2613,27.4,6,33.36,1.90E+04,82,73,-68,786,765.0612,2.167,163,0.691,66.86
2/13/2001,-0.5,73,0,-6.3,2356,36,1437,6.1,1130,7.1,1232,95,546,605,1052,88,1025,188,1126,1213,1112,319.4,1437,1.40E+04,2772,26.4,7.07,33.76,1.90E+04,78,72,-61,1436,758.31066,1.837,79.5,0.468,69.92
2/14/2001,0.7,87,5.1,-6.9,125,64,1040,7.3,948,4.5,2321,96,2357,414,1135,383,1136,175,1136,890,1135,741,1135,2234,2234,5.35,5.18,34.16,1.90E+04,16,12,-33,1006,750.81006,2.093,153.9,1.79,30.82
2/15/2001,1.9,69,0,-4.4,2357,39,1401,10.1,909,4.5,1400,97,222,642,1034,307,1235,264,1035,1304,1034,590,1235,8163,6481,17.19,12.62,34.57,2.00E+04,50,42,-57,1675,749.30994,2.02,1.699,1.566,38.42
2/16/2001,-2,91,6.4,-6.9,601,58,940,3.3,527,0.9,1134,98,2359,192,1154,183,1154,71,1021,446.2,1154,390.1,1154,3033,3033,7.56,7.14,34.99,2.00E+04,22,15,-30,837,750.81006,0.955,1.115,0.23,70.6
2/17/2001,-3.5,69,0,-10.7,2138,39,1356,17.6,1223,0.1,53,98,543,841,1107,310,1207,347,1107,1639,1106,580.2,1207,1.10E+04,5220,22.41,9.81,35.4,2.00E+04,63,55,-73,1806,748.55988,3.114,307.6,2.84,24.03
2/18/2001,-6.7,56,0,-14.4,600,33,1319,9.7,1522,-1,1409,88,436,763,1138,218,1146,257,1138,1524,1137,391.4,1146,1.50E+04,2963,28.89,7.41,35.83,2.00E+04,81,74,-69,782,758.31066,2.281,242.4,1.6,44.26
2/19/2001,-1.8,51,0,-11.2,56,29,1410,11.3,1409,4.4,1409,88,101,679,1106,174,1215,242,1106,1367,1107,562.3,1336,1.40E+04,4096,28.08,9.49,36.25,2.00E+04,77,69,-59,2038,756.81054,2.815,190.1,2.13,39.95
2/20/2001,5.8,53,0,0.2,242,35,1220,8.5,1318,11.8,1328,66,448,727,1139,314,1017,315,1140,1522,1140,576.1,1016,8632,5553,18.54,10.43,36.68,2.10E+04,51,42,-42,2891,751.56012,2.4,176.7,2.06,30.47
2/21/2001,-2.1,52,0,-11.1,2359,33,1515,12.1,1311,5.8,12,76,518,872,1020,371,1036,391,1019,1816,1020,661.2,1037,1.20E+04,5394,24.17,10.04,37.11,2.10E+04,65,58,-78,1053,753.06024,3.21,316.4,2.488,38.41
2/22/2001,-9.1,66,5.8,-14.1,523,39,1042,5.7,1516,-5.8,1100,91,2313,569,908,320,1010,208,856,1149,908,592.1,1013,8238,5979,17.29,11.28,37.55,2.10E+04,46,39,-72,1038,757.5606,1.485,148.2,0.556,64.07
2/23/2001,-3.8,67,0,-9.8,41,46,1924,12.1,1938,3,1132,92,47,847,1128,380,903,138,1128,1684,1127,666.7,852,1.10E+04,6340,21.23,11.55,37.99,2.10E+04,56,49,-123,-1.00E+03,753.8103,2.401,284.7,1.592,47
2/24/2001,-3.4,43,0,-8.5,505,24,1149,9.3,135,0,1201,69,13,684,1044,326,1143,154,1044,1403,1041,588.1,1136,1.30E+04,7545,26.78,13.87,38.43,2.20E+04,70,60,-61,608,763.56108,2.224,1.527,0.972,60.78
2/25/2001,1,87,10.9,-2.6,346,47,307,8.5,1215,6.8,1352,98,2125,107,955,102,956,47,1252,253.4,955,202,1253,1102,1102,2.72,2.4,38.87,2.20E+04,7,5,-13,502,752.31018,2.534,136.3,1.894,40.71
2/26/2001,1.7,74,0,-5.2,2358,44,1337,13.2,720,6.6,1211,98,523,947,1047,410,1047,451,1158,1965,1047,741,1046,1.10E+04,7446,23.04,13.87,39.31,2.20E+04,59,50,-66,3180,751.56012,2.435,310.8,2.028,33.1
2/27/2001,-0.9,69,0,-7.5,438,45,1319,6.9,1951,5.7,1302,95,450,942,957,417,957,453,958,1892,957,756,957,1.10E+04,5979,22.78,11.76,39.77,2.20E+04,57,48,-65,3268,753.06024,1.781,305.7,0.699,63.14
2/28/2001,-4.6,52,0,-8.1,2203,30,1211,10.1,1047,0.5,1226,74,2157,958,1008,335,952,462,1008,1896,952,599.3,952,1.70E+04,6040,33.89,11.11,40.22,2.30E+04,84,76,-73,3858,750.06,2.238,324.4,1.572,44.19
3/1/2001,-3.6,58,0.3,-8.3,351,37,1206,8.9,1318,-0.3,1203,84,2359,868,939,311,1037,392,939,1710,939,559.7,1037,1.20E+04,6046,24.45,11.23,40.67,2.30E+04,60,53,-49,3096,744.05952,2.09,267.9,1.678,35.95
3/2/2001,-1.5,84,0,-5.2,501,62,1140,5.7,835,1.9,1204,94,2312,587,850,434,1038,238,1135,1110,1019,792,1038,7544,7544,14.99,13.16,41.12,2.30E+04,36,32,-27,2330,741.05928,1.325,244.6,0.765,52.69
3/3/2001,-0.7,75,0,-4.5,2349,53,1227,4.9,632,3.9,1217,93,4,768,948,388,1104,302,948,1558,948,703,1104,1.10E+04,7044,21.55,13.4,41.58,2.40E+04,52,45,-56,2992,746.3097,1.496,331.7,1.183,37.07
3/4/2001,-3.5,81,5.1,-6.5,240,65,1037,7.7,953,0.2,1036,94,1704,250,1010,238,1010,116,1010,564.4,1010,464,1010,3874,3874,8.97,8.56,42.03,2.40E+04,21,16,-51,1153,750.81006,1.959,63.53,0.789,62.6
3/5/2001,-3.7,92,22.9,-5,346,84,51,9.3,1436,-2.8,2359,96,2333,147,1020,102,1020,27,848,84.5,847,84.5,1020,1997,1628,1.15,1.15,42.49,2.40E+04,3,8,-4,94,739.55916,2.693,345.3,2.438,24.92
3/6/2001,-1.6,86,7.6,-3.1,144,79,1637,11.3,1626,0.1,1148,95,0,212,1017,116,1133,18,1017,96.4,1133,96.4,1017,3301,2189,1.49,1.49,42.95,2.40E+04,3,14,-13,-62,735.0588,3.609,350,3.256,25.34
3/7/2001,-1.6,69,0,-8.8,2302,37,1251,9.7,20,4.1,1338,94,2207,777,924,109,545,327,815,1571,924,229,547,1.70E+04,2964,29.38,5.95,43.41,2.50E+04,68,70,-62,603,745.55964,2.601,13.93,1.837,43.89
3/8/2001,-1.2,73,0,-12.5,448,39,1127,7.3,1058,5.8,1124,93,42,929,1055,388,1056,216,1058,1882,1055,707,1056,1.60E+04,6878,31.91,13.07,43.87,2.50E+04,73,63,-39,2000,750.06,2.251,167.1,1.597,43.65
3/9/2001,0.3,91,1.3,-1.3,2359,83,37,8.1,408,2.4,1136,97,1859,311,1027,286,1027,71,1027,681.1,1027,545.8,1026,2657,2657,6.28,5.98,44.33,2.50E+04,14,11,-49,26,744.80958,2.029,125.5,0.971,58.5
3/10/2001,0.4,70,1.8,-7.4,2348,38,1204,10.9,806,6.7,1136,97,10,972,1031,364,1029,299,1034,1946,1030,665.2,1029,1.60E+04,6251,30.46,11.74,44.79,2.50E+04,68,62,-67,1294,747.05976,2.189,308.9,1.718,37.58
3/11/2001,0.7,62,0,-9.1,301,32,1013,12.5,1223,9.1,1038,95,128,841,950,407,917,263,950,1752,950,758,917,1.20E+04,8332,26,15.87,45.25,2.60E+04,57,48,-67,1508,749.30994,3.128,253.2,1.616,56.31
3/12/2001,-0.1,44,0,-5.9,305,15,1343,7.7,2017,5.7,1349,90,2359,780,953,84,859,360,850,1550,946,163.7,859,1.90E+04,2876,38.75,5.68,45.71,2.60E+04,85,75,-61,3724,754.56036,1.993,54.36,0.506,69.96
3/13/2001,1.1,95,19.1,-2.2,2339,85,1022,6.5,1714,3.7,1020,98,2320,293,1013,273,1013,124,1013,664.6,1013,534.6,1013,3322,3322,7.88,7.39,46.18,2.60E+04,17,13,-25,1066,738.8091,1.516,118.1,0.221,74.9
3/14/2001,2.4,70,0,-2.5,2209,42,1200,12.1,854,6,906,98,8,872,904,434,930,378,904,1814,833,808,937,9167,7255,19.55,13.7,46.64,2.60E+04,42,35,-58,2203,742.5594,2.874,270.9,1.908,46.95
3/15/2001,3.9,65,0,-3.1,50,42,935,7.3,1211,9.9,933,94,2354,590,757,385,919,244,757,1235,757,718,922,1.20E+04,8635,25.57,16.72,47.1,2.70E+04,54,45,-47,3356,747.80982,1.993,196,1.101,54.18
3/16/2001,2.9,72,3.3,-3.7,355,30,1123,5.7,714,10,1105,97,2359,863,924,406,1100,386,924,1793,924,757,1100,1.40E+04,5590,29.94,11.08,47.56,2.70E+04,63,53,-36,5732,748.55988,1.591,43.81,0.672,61.58
3/17/2001,1,78,4.6,-1.9,2358,41,1204,5.3,1616,5.6,1102,97,110,838,1058,483,1058,386,1058,1736,1058,839,1057,1.10E+04,1.00E+04,23.45,18.76,48.02,2.70E+04,49,42,-54,4230,749.30994,1.385,332.3,1.136,34.37
3/18/2001,1.1,60,0,-4,2313,35,1328,13.6,1152,6.4,1231,93,9,906,948,369,906,397,948,1835,925,639.5,906,1.70E+04,5933,32.37,10.32,48.48,2.70E+04,67,61,-67,3703,753.06024,2.794,341.7,2.426,29.39
3/19/2001,2.6,50,0,-5,312,23,1333,12.1,809,11.1,1215,86,2352,802,933,69,904,375,931,1609,932,130,904,2.10E+04,2608,41.49,5.11,48.93,2.80E+04,85,75,-63,5929,759.06072,2.279,345,1.631,43.19
3/20/2001,3.6,61,0,-6.5,253,27,1242,6.5,1459,12.7,1240,94,339,797,856,103,1115,401,923,1656,923,182.1,1116,2.00E+04,3686,41.14,6.82,49.39,2.80E+04,83,72,-56,7104,761.3109,1.67,137.3,0.748,60.18
3/21/2001,3.2,79,16,-2.1,44,48,801,9.7,625,6.8,918,94,2157,283,647,248,645,154,646,616.4,647,466.6,645,4473,4473,10.32,9.51,49.85,2.80E+04,21,16,-32,2068,752.31018,2.359,37.61,1.448,50.35
3/22/2001,2.3,91,3.3,1.3,2239,74,2352,10.9,1511,4.3,2,97,511,138,807,127,813,87,807,344.5,807,275.9,807,2633,2633,6.53,6.07,50.3,2.80E+04,13,9,-9,1485,738.05904,3.237,344.5,2.917,25.47
3/23/2001,4.5,59,0,1.5,2229,49,1605,13.2,1229,7,703,76,17,913,658,316,705,568,658,1925,659,597.3,705,5519,5497,12.09,10.44,50.75,2.90E+04,24,19,-56,2082,739.55916,3.696,303.9,3.381,23.66
3/24/2001,3,61,2,-4.1,2357,38,838,14.8,1214,10.6,837,93,1231,803,1025,396,831,488,1025,1584,1025,735,831,1.20E+04,8058,24.81,15.4,51.2,2.90E+04,48,41,-68,4330,744.05952,3.46,265.1,2.691,38.18
3/25/2001,-0.7,47,0,-5.7,2359,26,1202,8.9,1102,5.8,1200,73,1958,992,926,213,925,597,926,1975,926,392.7,925,2.10E+04,3720,41.89,7.49,51.65,2.90E+04,81,72,-66,8209,750.06,2.464,277.5,1.605,47.83
3/26/2001,-4.6,78,3,-11.1,2337,58,551,8.5,1657,0.2,1248,92,946,494,1252,236,728,223,1247,989,1247,454.1,728,6184,5953,13.67,9.87,52.1,2.90E+04,26,21,-65,624,750.81006,1.656,343.5,0.413,70.2
3/27/2001,-2.9,62,0,-13.6,312,30,1115,8.1,1211,5.3,1124,91,26,978,1010,292,1121,577,734,1971,1010,483.1,1120,1.90E+04,6286,36.61,10.94,52.54,3.00E+04,70,63,-59,7820,753.8103,2.324,293.1,1.395,51.21
3/28/2001,0.3,61,0,-7.5,205,31,1214,7.7,1003,8.3,1213,93,2355,1001,737,311,728,591,816,2052,815,576.8,728,2.10E+04,5365,42.02,10.42,52.99,3.00E+04,79,69,-61,8991,756.81054,1.861,335.5,0.771,61.99
3/29/2001,2.1,75,1.3,-5.7,150,36,925,7.7,1000,9.2,924,97,2308,754,725,405,836,443,725,1571,725,754,836,1.00E+04,9472,22.53,17.85,53.42,3.00E+04,42,34,-29,5724,757.5606,2.002,145.3,1.324,47.13
3/30/2001,2.3,93,36.8,0.7,2029,83,934,9.3,1032,4,917,96,1709,121,1044,110,1044,80,1044,296.3,1044,236.9,1044,1753,1753,4.54,4.21,53.86,3.00E+04,8,6,-6,995,744.80958,2.28,9.76,1.642,42.85
3/31/2001,3.3,80,0.3,0.6,305,59,935,6.1,56,7.8,940,91,2329,1146,912,516,937,667,933,2444,912,931,937,9715,9007,20.99,17.09,54.3,3.10E+04,39,32,-21,5460,745.55964,1.607,346.6,1.336,33.24
4/1/2001,2,88,0,0.5,318,78,1427,4.1,855,3.4,1148,96,403,125,914,116,914,76,914,291,914,234.9,914,2604,2604,6.12,5.84,54.73,3.10E+04,11,8,-10,1159,744.80958,1.119,62.25,0.514,59.58
4/2/2001,2.3,82,0.3,-3.4,2354,67,1246,6.1,1256,6,803,96,2359,556,800,416,802,323,800,1259,800,791,801,4427,4427,9.82,9.26,55.16,3.10E+04,18,14,-47,1876,748.55988,1.247,326.6,0.665,55.35
4/3/2001,2.8,67,0,-3.6,2359,31,1040,6.9,917,11.2,1039,97,214,1111,914,454,950,719,914,2233,914,709,840,1.50E+04,9720,30.73,18.07,55.59,3.10E+04,55,48,-51,7063,753.8103,1.505,314.9,0.639,61.43
4/4/2001,3.7,62,0,-4.3,2308,28,1219,8.9,628,12.8,1113,96,23,927,919,248,621,558,649,1965,650,468.6,621,2.30E+04,4248,46.4,8.58,56.01,3.20E+04,83,72,-58,1.10E+04,757.5606,2.091,20.54,1.007,58.32
4/5/2001,6.3,53,0,-5.3,134,18,1204,6.5,848,16.9,1207,96,310,844,833,80,841,494,839,1722,833,165.6,839,2.30E+04,3235,46.72,6.8,56.43,3.20E+04,83,72,-50,1.10E+04,756.81054,1.765,16.43,0.519,68.07
4/6/2001,6.2,86,4.6,-1.7,32,47,501,6.9,522,10.8,500,97,1937,384,456,290,456,241,456,827,456,580.1,456,3339,3339,7.88,7.38,56.85,3.20E+04,14,10,-40,1832,749.30994,1.614,139.1,1.064,47.3
4/7/2001,6.3,70,1,2,2207,51,903,10.9,1707,10.2,842,94,0,883,624,465,633,540,635,1974,624,902,633,8276,7697,18.03,14.95,57.26,3.20E+04,31,26,-13,4899,756.06048,2.488,127.4,1.677,46.25
4/8/2001,5.3,92,6.9,2.2,241,84,110,7.3,202,7.1,2349,97,2339,213,839,194,839,141,839,495.6,839,387.4,839,3238,3238,7.65,7.12,57.67,3.30E+04,13,10,-13,1993,751.56012,2.158,159.7,1.854,30.41
4/9/2001,12.2,78,12.7,6.5,2338,31,1051,8.5,2004,24.5,1143,97,535,885,646,419,635,542,646,1871,646,791,635,1.70E+04,6301,36.01,12.19,58.08,3.30E+04,62,52,-16,1.00E+04,746.3097,1.715,340.7,0.8,59.15
4/10/2001,10.1,63,0,4.2,1913,35,1127,8.5,647,17,1126,92,1930,937,701,311,801,568,718,1936,752,576,801,2.10E+04,8450,42.26,15.86,58.48,3.30E+04,72,62,-45,1.10E+04,753.06024,2.171,13.2,0.869,62.73
4/11/2001,8.4,73,1.3,3.4,203,47,853,8.1,1320,14,850,96,2347,568,533,416,554,347,533,1237,533,796,554,8079,8079,17.91,15.84,58.89,3.30E+04,30,24,-47,4523,757.5606,2.672,142.5,2.094,37.67
4/12/2001,11.1,92,3,5.5,0,82,1045,6.5,451,13.7,1041,97,150,368,1007,327,1007,253,1007,806,1007,603.8,1007,4096,4096,9.51,8.78,59.28,3.40E+04,16,12,-2,2818,749.30994,2.502,144.7,2.183,28.89
4/13/2001,13,58,0,3.9,2358,21,1112,11.7,1109,22.5,1030,97,411,1068,752,398,638,690,752,2251,752,752,638,1.70E+04,7064,34.37,13.22,59.67,3.40E+04,58,49,-66,7791,746.3097,2.622,309.7,1.823,44.7
4/14/2001,10.6,37,0,0.9,2343,13,930,9.3,156,18.5,1117,81,2344,885,802,102,1003,536,808,1773,756,184.2,818,2.50E+04,4057,49.56,7.75,60.06,3.40E+04,83,73,-62,1.20E+04,747.80982,2.409,341.1,1.896,37.35
4/15/2001,11,42,0,-0.5,145,26,2240,6.1,705,17.9,956,89,150,962,814,355,935,615,824,1980,814,604.5,935,1.90E+04,9108,39.25,17.27,60.45,3.40E+04,65,56,-43,9799,745.55964,1.964,27.56,0.879,60.21
4/16/2001,7.9,40,0,1,1952,14,750,7.3,553,14.2,1255,78,1956,749,742,413,746,460,742,1515,742,754,600,1.70E+04,1.30E+04,34.13,24.77,60.83,3.40E+04,56,49,-47,8000,744.05952,1.936,1.012,1.038,55.18
4/17/2001,7,51,0,1.4,39,31,626,10.5,2333,10.9,1105,85,1928,618,1030,382,1030,385,1030,1288,1029,642.2,1030,1.00E+04,9464,22.07,17.93,61.2,3.50E+04,36,30,-50,4774,742.5594,2.143,2.614,1.174,54.47
4/18/2001,4.1,42,0,-5.8,2322,19,1037,12.1,438,12.4,1037,87,2359,919,821,209,421,561,826,1853,805,406.6,444,2.20E+04,6120,44.75,11.72,61.58,3.50E+04,73,64,-69,1.00E+04,747.05976,3.059,342.8,2.287,40.69
4/19/2001,3.7,52,0,-6.7,119,20,1129,8.1,942,13.1,1041,92,121,1061,842,358,841,663,841,2147,840,612.5,841,2.30E+04,7431,45.55,14.83,61.94,3.50E+04,74,65,-54,1.00E+04,755.31042,2.06,337.1,0.24,76.1
4/20/2001,11.8,50,0,-3.3,111,21,852,9.7,1423,20.3,915,89,142,918,741,372,920,563,743,1884,741,654.5,920,2.00E+04,8139,41.18,15.6,62.31,3.50E+04,66,57,-44,1.10E+04,758.31066,2.563,206,1.505,52.05
4/21/2001,14.9,71,2.5,9.7,227,40,840,8.1,1112,22,839,95,2309,911,615,478,657,587,831,1915,618,924,657,1.20E+04,1.10E+04,25.57,21.25,62.66,3.50E+04,41,34,-30,7050,757.5606,2.507,163.9,2.131,31.39
4/22/2001,20.5,53,0,10.5,2339,20,1203,11.3,645,31.5,1135,96,51,910,801,259,924,603,801,1917,801,481.6,800,2.40E+04,6527,49.73,14.16,63.02,3.60E+04,79,67,-56,1.30E+04,754.56036,2.982,266.2,1.145,63.58
4/23/2001,20.3,54,0,9.3,109,27,913,10.9,1151,30.5,1024,86,48,1071,824,400,824,726,818,2267,824,741,817,2.10E+04,8776,45,18.83,63.37,3.60E+04,71,59,-39,1.20E+04,752.31018,2.664,158.3,2.181,34.47
4/24/2001,17.5,53,0,4.8,2349,28,934,17.2,1031,31.2,933,80,26,907,912,332,1031,606,912,1932,841,622.3,1031,1.80E+04,8626,38.39,17.48,63.72,3.60E+04,60,50,-58,9782,747.80982,3.669,269.1,1.482,62.53
4/25/2001,6.7,54,0,-2.8,2303,24,1319,9.3,340,13.7,1146,95,2307,825,914,433,840,493,914,1692,914,780,702,1.50E+04,1.40E+04,30.74,24.61,64.05,3.60E+04,48,41,-56,6673,756.06048,2.178,2.422,1.394,48.59
4/26/2001,9.7,46,0,-2.6,17,17,1130,9.3,510,19.6,1133,95,59,905,657,91,554,565,732,1831,726,600.2,505,2.60E+04,3956,53.01,10.56,64.39,3.60E+04,82,72,-59,1.30E+04,755.31042,2.103,105.9,1.372,47.77
4/27/2001,12.2,51,0,-1.9,14,21,723,7.3,2346,22.9,1040,91,16,1193,650,411,828,749,650,2443,650,740,828,2.20E+04,7777,44.89,15.19,64.72,3.70E+04,69,59,-57,1.10E+04,750.06,1.887,333.6,0.511,69.17
4/28/2001,7.9,41,0,-3.3,2338,13,1231,10.9,1138,16.2,1110,86,2339,932,709,95,818,567,724,1853,726,213.9,444,2.70E+04,4338,53.58,8.93,65.05,3.70E+04,82,73,-70,1.30E+04,758.31066,2.755,0.28,1.976,43.09
4/29/2001,8.2,46,0,-3.8,58,13,1031,7.7,955,19.4,1120,91,2323,925,715,93,621,560,654,1860,716,460.2,449,2.70E+04,4358,54.16,10.12,65.37,3.70E+04,83,73,-50,1.30E+04,761.3109,1.992,13.14,0.428,71.8
4/30/2001,14.9,45,0,-2.1,6,12,1031,6.1,1041,27.6,1019,91,8,895,721,298,1005,553,720,1841,723,959,443,2.60E+04,6005,53.03,17.33,65.68,3.70E+04,81,70,-41,1.40E+04,755.31042,1.82,179.5,0.443,70.5
5/1/2001,20.5,44,0,5.5,45,15,923,6.9,1027,31.6,1016,89,49,906,735,124,733,559,735,1877,735,324.7,436,2.60E+04,5053,53.48,11.27,66,3.70E+04,81,69,-37,1.40E+04,751.56012,1.824,152.3,0.443,70.5
5/2/2001,21.6,49,0,8.2,46,13,820,8.5,748,33.8,932,91,2346,888,705,240,1027,552,705,1813,729,674.4,433,2.40E+04,7148,50.04,17.69,66.3,3.70E+04,75,65,-33,1.30E+04,752.31018,1.725,161.4,0.202,76.1
5/3/2001,22,57,0,10,27,21,1121,7.3,924,33.6,922,95,2359,857,701,280,945,537,659,1771,705,1068,440,2.20E+04,8718,45.7,24.15,66.6,3.80E+04,69,59,-32,1.20E+04,753.8103,1.782,198.2,0.444,70.2
5/4/2001,23,54,0,11,39,19,1001,8.1,915,34,1000,95,45,871,623,284,1015,544,623,1802,639,877,342,2.30E+04,9715,47.18,21.78,66.89,3.80E+04,71,61,-43,1.30E+04,750.81006,1.91,243.4,0.358,73
5/5/2001,13.6,48,0,0.4,2345,14,1020,11.7,223,23.9,843,90,2350,1151,713,515,608,722,714,2398,713,1013,608,2.00E+04,9827,41.07,18.61,67.19,3.80E+04,61,53,-61,9217,755.31042,2.381,355.6,1.761,41.33
5/6/2001,10.7,54,0,-2,2354,18,1059,10.9,548,20.2,1029,97,2313,924,640,89,945,557,648,1877,659,592.1,429,2.70E+04,3979,53.82,10.48,67.47,3.80E+04,80,71,-73,1.40E+04,762.81102,2.324,98.7,1.629,44.29
5/7/2001,11.2,46,0,-1.9,1,10,702,8.9,806,21.6,956,97,29,959,656,79,912,560,654,1904,653,1029,419,2.80E+04,3569,56.6,13.64,67.75,3.80E+04,84,74,-61,1.30E+04,762.81102,2.211,146.4,1.669,40.1
5/8/2001,13.6,60,0,2.2,9,21,815,7.7,1039,23.7,912,96,2346,947,646,108,918,554,646,1901,646,1382,427,2.80E+04,4212,56.39,19.7,68.02,3.80E+04,83,72,-58,1.40E+04,758.31066,2.406,157.8,1.814,40.2
5/9/2001,15.3,68,0,3.1,4,32,1002,8.9,713,26.4,1031,96,2339,1074,700,359,454,663,700,2238,646,1545,446,2.50E+04,9599,51.97,25.64,68.29,3.90E+04,76,65,-41,1.30E+04,753.8103,1.704,17.77,0.404,70.7
5/10/2001,17.2,58,0,5,6,17,1015,8.5,626,29,1040,97,58,907,637,197,542,534,626,1843,643,1218,414,2.60E+04,6961,53.91,22.47,68.55,3.90E+04,79,68,-40,1.30E+04,751.56012,1.81,38.14,0.244,75.4
5/11/2001,21.6,49,0,5.8,0,19,1054,6.5,912,31.4,938,94,0,906,703,184,1115,534,703,1868,703,1401,429,2.60E+04,6511,53.25,25.79,68.81,3.90E+04,77,66,-43,1.30E+04,748.55988,1.669,173.4,0.769,59.49
5/12/2001,18,64,5.1,9,2312,30,706,10.5,813,31,711,93,750,996,708,436,925,607,710,2097,716,1180,404,2.00E+04,8262,41.25,24.35,69.06,3.90E+04,60,50,-52,1.00E+04,747.80982,2.534,298.9,1.081,61.34
5/13/2001,10.7,58,0,-0.6,2342,22,1129,11.3,716,20.4,658,96,2355,1061,437,306,437,655,437,2138,437,1880,437,2.60E+04,6774,52.12,21.21,69.3,3.90E+04,75,66,-57,1.30E+04,752.31018,2.421,6.743,1.393,52.79
5/14/2001,10.5,59,0,-0.6,2332,20,913,8.9,1003,21,947,97,33,1173,637,381,553,743,637,2403,531,1543,440,2.30E+04,8151,46.07,30.66,69.54,3.90E+04,66,57,-62,1.10E+04,750.81006,1.797,323,0.504,68.7
5/15/2001,12.4,54,0,-0.2,0,14,950,12.5,708,22.7,949,97,28,1359,646,524,903,847,646,1708,438,1610,458,2.60E+04,1.10E+04,20.13,20.13,69.78,3.90E+04,29,65,-58,1.30E+04,747.05976,2.247,352.2,1.426,48.94
5/16/2001,12.5,68,0,5.2,0,50,653,6.9,703,16.8,650,93,0,802,237,561,638,479,638,1675,236,1471,236,1.10E+04,1.10E+04,22.01,22.01,70.01,4.00E+04,31,28,-21,5912,750.81006,2.178,102.4,1.499,45.24
5/17/2001,13.1,71,0,9.7,1,54,1039,6.1,635,16.9,1038,92,2357,574,222,355,624,305,222,1191,221,1010,221,9485,9485,19.54,18.71,70.23,4.00E+04,28,24,-18,5025,750.81006,1.867,174.9,1.278,45.47
5/18/2001,12.9,90,0.3,10.7,3,82,924,6.9,858,14.2,637,95,332,320,630,281,630,207,626,669.3,630,528.7,630,4046,4046,8.85,8.53,70.44,4.00E+04,13,10,-18,2385,748.55988,1.836,158,1.499,34.7
5/19/2001,18.2,64,0,9.4,2253,26,849,6.5,657,28.7,849,94,2258,1172,657,520,847,751,633,2423,657,1927,525,2.30E+04,1.20E+04,46.81,35.5,70.66,4.00E+04,66,57,-41,1.20E+04,747.05976,1.632,38.21,0.642,63.08
5/20/2001,15.8,65,0,9.5,2244,39,805,6.5,1024,24.8,850,89,8,1140,741,675,741,721,624,2524,741,1848,409,1.90E+04,1.50E+04,39.45,32.89,70.86,4.00E+04,56,48,-38,1.00E+04,753.06024,2.067,146.7,1.529,41.32
5/21/2001,16.2,68,0,10.3,2,39,1137,10.1,1344,21.7,1159,89,2037,1010,442,483,1303,602,1155,2166,429,1730,411,1.90E+04,1.00E+04,41.12,32.19,71.06,4.00E+04,58,48,-12,1.10E+04,753.06024,2.89,137.1,2.535,28.4
5/22/2001,15.1,89,19.1,14,413,79,2315,11.7,2313,16.6,1214,95,1857,247,1049,213,1049,164,1049,547.1,1049,434.2,1049,3644,3644,8.21,7.87,71.25,4.00E+04,12,9,-9,2050,747.05976,2.463,100.6,1.88,39.39
5/23/2001,15.9,87,5.1,14.6,220,79,838,10.9,836,18.1,836,94,1217,614,834,435,834,399,834,1383,834,1128,902,4828,4828,10.66,10.31,71.43,4.00E+04,15,12,-24,2933,747.80982,3.258,113.7,2.95,24.9
5/24/2001,14.7,85,0.8,12.8,2354,77,2343,5.7,26,17.8,1623,94,729,395,1225,337,1222,275,1225,814,1224,641.5,1222,5778,5778,12.16,11.79,71.62,4.00E+04,17,14,-25,3418,750.81006,1.475,67.98,0.939,48.81
5/25/2001,13.6,74,0.5,10,512,56,2209,8.1,1432,16.2,1034,94,514,513,1020,426,1020,353,1020,1102,1020,870,1020,7364,7364,15.59,15.09,71.79,4.10E+04,22,18,-22,4703,755.31042,1.909,103,1.13,51.73
5/26/2001,14.1,90,8.1,11.8,445,68,0,8.1,135,16.9,1138,95,2153,446,1047,386,1047,301,1048,937,1047,743,1047,3766,3766,8.3,7.99,71.96,4.10E+04,12,9,-17,2122,753.06024,1.508,121.8,0.945,49.5
5/27/2001,16.7,87,14.2,12.9,442,62,1238,7.3,1450,23.1,1238,97,628,1306,1231,570,1231,912,1303,2837,1230,1356,1102,1.20E+04,1.10E+04,25.81,21.2,72.12,4.10E+04,36,30,-32,7828,747.80982,1.866,131.4,1.135,50.69
5/28/2001,16.8,73,0.5,11,2224,36,1330,10.9,1418,23.9,1204,97,612,1176,1242,450,945,808,1242,2402,1241,2048,943,1.90E+04,1.20E+04,39.42,25.23,72.27,4.10E+04,55,47,-47,1.20E+04,745.55964,2.33,213.3,1.234,55.56
5/29/2001,15.5,72,3.8,7,2358,43,1211,7.7,1806,22.4,1211,96,2353,1228,1107,463,1210,853,1107,2574,1109,1932,950,1.70E+04,1.10E+04,34.92,32.44,72.42,4.10E+04,48,41,-49,9184,746.3097,2.002,246.5,1.173,52.11
5/30/2001,,,0,,,,,,,,,,,,,,,,,,,,,,,,,72.57,4.10E+04,,,,,,,,,
5/31/2001,,,0,4.3,2358,23,1502,6.9,1215,20,1648,82,0,885,1124,386,1224,564,1106,1752,1124,1335,1010,1.90E+04,1.00E+04,37.18,23.1,72.7,4.10E+04,51,46,-64,1.00E+04,749.30994,2.343,325.9,1.011,61.07
6/1/2001,12.7,62,4.3,0.6,455,28,1320,7.3,1459,23.5,1315,97,528,956,1226,439,1254,626,1226,2003,1226,1746,1020,2.10E+04,1.00E+04,45.14,36.32,72.83,4.10E+04,62,52,-51,1.30E+04,749.30994,2.001,149.3,1.307,47.71
6/2/2001,16.1,90,40.1,11,10,70,1616,8.1,321,21.8,1653,97,855,1180,1304,598,1450,844,1304,2595,1308,981,1306,9330,9330,20.08,17.92,72.96,4.10E+04,28,23,-17,6109,742.5594,1.58,125.7,0.517,66.42
6/3/2001,16.9,79,8.9,10.8,2320,44,1500,8.5,1415,23.4,1329,97,540,1259,1242,516,1310,877,1242,2625,1242,1978,1030,1.20E+04,1.00E+04,24.86,19.02,73.08,4.10E+04,34,29,-48,7205,741.80934,2.036,214.7,0.614,67.68
6/4/2001,16.9,67,0,8.8,2359,47,1232,8.1,1214,22.4,1229,96,2331,1264,1045,503,1206,844,1228,2865,1206,1632,818,1.40E+04,1.20E+04,28.69,25.3,73.19,4.10E+04,39,33,-42,8234,748.55988,2.205,271.9,1.507,45.58
6/5/2001,16,71,0,5.8,420,35,1452,6.5,1051,25.2,1452,97,604,1180,1143,445,1144,797,1143,2507,1144,1909,1015,2.50E+04,9801,52.8,35.56,73.29,4.10E+04,72,60,-33,1.50E+04,750.06,1.565,327.1,0.441,68.66
6/6/2001,17.4,65,0,9.1,2356,29,1529,7.7,1058,25.7,1503,95,2357,1144,1114,415,1204,743,1112,2412,1114,2012,944,2.40E+04,1.20E+04,49.6,31.93,73.39,4.10E+04,68,57,-48,1.40E+04,749.30994,1.509,341.8,0.382,69.98
6/7/2001,16.5,65,0,5.6,458,26,1411,6.1,919,26.8,1508,97,544,1033,1145,203,1515,694,1141,2212,1144,1673,1019,2.80E+04,5774,59.07,32.95,73.48,4.20E+04,80,67,-44,1.70E+04,747.80982,1.542,48.65,0.444,68.36
6/8/2001,16.7,61,0,6.4,435,19,1624,6.5,1145,27.2,1445,96,527,961,1100,141,1407,610,1100,1949,1100,1706,1023,2.90E+04,4639,59.54,31.94,73.57,4.20E+04,81,69,-51,1.60E+04,746.3097,1.627,47.42,0.184,76.3
6/9/2001,16.7,62,0,5.1,456,24,1707,5.7,1139,27,1350,96,527,1013,1226,242,1237,661,1236,2137,1236,1701,952,2.80E+04,7079,59.18,33.71,73.65,4.20E+04,80,68,-44,1.60E+04,746.3097,1.484,12.3,0.161,76.5
6/10/2001,18.1,61,0,5.8,431,21,1436,6.1,1728,28.9,1549,96,541,1097,1218,285,1236,699,1212,2306,1218,1710,1035,2.80E+04,7290,58.27,36.04,73.72,4.20E+04,79,66,-41,1.60E+04,746.3097,1.634,185.4,0.371,71.2
6/11/2001,17.1,88,5.1,11.3,441,68,1637,6.9,1509,23.4,1454,96,2348,1117,1252,618,1252,706,1252,2527,1252,986,1247,7644,7644,16.31,14.92,73.79,4.20E+04,22,18,-29,4138,746.3097,1.568,121.6,0.921,52.05
6/12/2001,20.8,76,0,14.1,448,40,1333,4.5,1303,28.3,1532,97,636,1158,1155,391,1155,815,1201,2463,1202,1879,936,2.30E+04,1.20E+04,49.4,32.18,73.85,4.20E+04,67,56,-30,1.50E+04,744.80958,1.447,100.5,0.595,62.17
6/13/2001,23.6,75,0,16.6,446,39,1448,5.7,1528,32.3,1452,95,2310,977,1201,472,917,674,1219,2052,1134,1466,934,2.40E+04,1.40E+04,49.67,31.03,73.9,4.20E+04,67,57,-33,1.50E+04,748.55988,1.754,115.5,1.245,43.64
6/14/2001,24.2,75,0,15.4,313,33,1430,4.9,1222,33,1422,97,550,937,1147,288,1012,631,1147,2009,1147,1474,934,2.70E+04,9319,57.1,32.87,73.95,4.20E+04,77,64,-35,1.70E+04,752.31018,1.702,133.8,1.113,47.66
6/15/2001,24.6,73,0,16.2,444,42,1505,6.9,1615,32.8,1305,97,547,960,1216,305,1201,669,1219,2016,1157,1412,932,2.60E+04,1.00E+04,56.34,35.39,73.99,4.20E+04,76,63,-40,1.70E+04,752.31018,1.828,143.1,1.224,46.56
6/16/2001,24.6,77,0,18.1,508,47,1359,5.7,1809,32.4,1355,96,540,1079,1152,506,1022,766,1152,2271,1152,1635,917,2.00E+04,1.50E+04,43.77,31.58,74.02,4.20E+04,59,49,-27,1.30E+04,750.06,1.624,144.4,1.021,49.35
6/17/2001,19.5,90,26.7,14.6,2354,60,1705,6.5,419,25.6,1653,96,2334,553,1645,350,847,354,1642,1120,1643,976,1645,7602,6909,16.55,14.76,74.05,4.20E+04,22,18,-27,4138,749.30994,1.492,9.45,0.705,58.83
6/18/2001,20.5,69,0,11.8,420,29,1652,5.3,1002,29.9,1600,97,543,928,1148,112,1444,628,1157,1929,1144,1135,1539,2.90E+04,4519,60.23,25.13,74.07,4.20E+04,81,68,-44,1.80E+04,753.8103,1.479,119.1,0.157,76.6
6/19/2001,23.5,67,0,12.3,415,35,1404,7.7,1315,32.7,1430,97,545,931,1217,205,1348,647,1217,1970,1221,1156,834,2.70E+04,7466,56.72,26.94,74.08,4.20E+04,77,63,-38,1.70E+04,754.56036,1.945,163.1,1.212,49.73
6/20/2001,24.1,72,12.7,16.9,2359,39,1455,11.7,1727,33.7,1454,96,2330,870,1216,339,1336,609,1337,1844,1336,1016,829,2.40E+04,9208,49.97,26.36,74.09,4.20E+04,67,56,-36,1.50E+04,753.06024,1.742,159.6,0.668,63.6
6/21/2001,17.6,87,2,14.7,424,63,927,4.9,2309,22,926,97,616,525,852,414,850,350,849,1129,852,883,852,7318,7318,15.83,15.17,74.09,4.20E+04,21,17,-34,4000,754.56036,1.071,52.64,0.353,66.33
6/22/2001,21.4,75,0,15.3,418,52,1538,11.7,1626,28.5,1347,89,519,1065,1228,539,1036,765,1156,2370,1036,1671,845,1.70E+04,1.40E+04,37.14,28.7,74.08,4.20E+04,50,41,-37,1.10E+04,751.56012,2.719,141.2,2.366,29.16
6/23/2001,20.9,91,25.4,17.9,501,72,928,9.3,1505,24.7,927,96,517,675,924,528,923,466,924,1564,923,1101,923,6406,6406,14.37,13.33,74.07,4.20E+04,19,15,-36,3812,749.30994,2.042,129.5,1.731,31.62
6/24/2001,19.3,80,0,13.6,2356,54,1219,5.3,1320,25,1219,96,2342,1332,1105,600,957,927,1106,2807,1021,1226,1627,1.80E+04,1.60E+04,37.76,30.94,74.05,4.20E+04,51,42,-38,1.10E+04,752.31018,1.407,10.5,0.549,63.26
6/25/2001,20.3,75,0,11.2,424,41,1605,7.3,1031,29.5,1552,97,613,1091,1250,255,1346,734,1057,2279,1136,1332,832,2.80E+04,6698,58.59,27.89,74.03,4.20E+04,79,66,-39,1.80E+04,755.31042,1.353,28.11,0.372,68.97
6/26/2001,22.6,71,0,13.1,439,30,1342,4.1,1052,32.5,1504,97,547,1071,1250,263,1256,744,1252,2210,1250,1172,1534,2.70E+04,6487,58.01,27.43,74,4.20E+04,78,66,-35,1.70E+04,757.5606,1.312,148.4,0.082,78.4
6/27/2001,23.7,70,0,14.7,424,32,1502,6.9,1541,33,1446,96,547,1017,1105,259,1105,716,1105,2089,1105,1057,833,2.70E+04,7802,57.4,28.1,73.96,4.20E+04,78,66,-38,1.70E+04,756.06048,1.439,267.4,0.247,73.7
6/28/2001,23.2,74,0,14.6,407,37,1206,5.7,1145,32,1348,96,519,1078,1202,479,1213,755,1202,2233,1202,1036,1558,2.30E+04,1.20E+04,48.8,31.13,73.91,4.20E+04,66,56,-30,1.50E+04,753.06024,1.321,345,0.324,70.4
6/29/2001,23.3,66,0,17.1,503,43,1100,6.1,1151,30.4,1351,95,29,872,1157,461,1356,604,1210,1837,1158,973,821,2.20E+04,1.30E+04,47.5,29.5,73.86,4.20E+04,64,54,-30,1.40E+04,752.31018,1.873,138.3,1.173,49.53
6/30/2001,26.2,68,0,18.4,144,38,1502,9.7,1842,34.3,1342,94,314,945,1209,485,1308,659,1309,1992,1209,1125,1540,2.40E+04,1.40E+04,49.04,34.27,73.81,4.20E+04,66,56,-29,1.50E+04,748.55988,2.335,206.5,0.987,61.55
7/1/2001,22.1,81,8.4,11.4,2354,51,1404,12.9,1438,31.3,1300,95,2057,1070,1245,566,941,732,1245,2263,1245,1157,941,1.50E+04,1.30E+04,32.06,24.95,73.74,4.20E+04,43,37,-55,9255,744.80958,2.03,212,0.905,60.29
7/2/2001,18.2,50,0,7.5,2358,25,1521,10.1,1303,23.9,1544,94,2354,1022,1211,133,951,667,1211,2156,1205,1192,1537,2.30E+04,2519,46.93,13.38,73.67,4.20E+04,64,56,-56,1.40E+04,754.56036,2.302,336,0.871,63.86
7/3/2001,16.6,68,0,4.7,433,33,1205,7.7,1158,26.2,1456,96,553,1280,1203,514,1232,858,1203,2736,1205,1482,1531,2.20E+04,1.10E+04,44.79,25.6,73.59,4.20E+04,61,52,-37,1.30E+04,755.31042,1.955,154.6,1.31,46.52
7/4/2001,21.4,77,22.9,14.3,31,53,1238,7.3,1218,27.7,1237,96,2348,1092,1134,458,940,740,1134,2297,1226,1069,1520,2.10E+04,1.40E+04,43.88,30.6,73.51,4.20E+04,60,51,-30,1.30E+04,750.06,2.159,146.8,1.605,41.02
7/5/2001,21.2,82,1.5,16,424,48,1252,8.1,1323,28.8,1224,97,635,1083,1131,444,1135,736,1043,2271,1131,1189,1536,2.00E+04,1.20E+04,42.17,28.82,73.42,4.20E+04,57,49,-30,1.30E+04,745.55964,1.575,157.7,0.471,67.82
7/6/2001,16.5,63,0,9.1,2332,32,1329,7.7,1245,24.2,1327,94,505,1243,1225,434,1129,862,1220,2720,1128,1397,1532,2.40E+04,1.00E+04,47.78,25.58,73.33,4.10E+04,65,57,-51,1.30E+04,750.06,1.83,300.1,0.747,62.32
7/7/2001,19.3,60,0,8.5,436,25,1356,12.1,1453,28.6,1434,96,530,1136,1303,352,1355,747,1252,2384,1303,1233,1527,2.80E+04,5959,58.2,20.24,73.22,4.10E+04,79,68,-27,1.70E+04,752.31018,1.957,179.8,1.036,55.56
7/8/2001,19.5,84,3.6,16.8,518,58,4,5.7,957,22.1,1402,95,2357,674,921,532,920,452,921,1379,921,1025,920,7054,7054,14.95,14.41,73.11,4.10E+04,20,17,-17,4297,747.80982,1.545,141,1.221,37.11
7/9/2001,23.6,73,0,16.6,2359,34,1546,6.1,1614,32.8,1536,96,606,920,1138,279,758,625,1123,1896,1148,1326,1521,2.70E+04,6860,54.74,20,73,4.10E+04,75,64,-35,1.70E+04,744.80958,1.29,279.7,0.399,67.33
7/10/2001,21.4,77,4.6,13.6,437,33,1506,13.6,1553,32.2,1353,96,542,1134,951,408,951,733,951,2448,1055,1173,1508,2.10E+04,8870,44.27,19.57,72.88,4.10E+04,61,52,-24,1.30E+04,742.5594,1.869,180.4,0.699,64.1
7/11/2001,19.3,75,3.8,12.3,2351,35,1504,8.5,1539,27.2,1446,97,530,1187,1118,391,1122,830,1118,2435,1158,1319,1516,2.40E+04,6394,49.73,19.8,72.76,4.10E+04,68,59,-45,1.50E+04,742.5594,1.746,329.4,0.441,70
7/12/2001,17.4,68,0,10,2347,33,1403,8.9,1132,25.2,1337,95,129,1259,1116,392,1201,798,1205,2624,1203,1473,1548,2.40E+04,7680,49.83,19.43,72.62,4.10E+04,69,59,-45,1.40E+04,746.3097,2.049,281.6,1.18,52.76
7/13/2001,16.5,75,0,7.4,440,41,1454,6.5,1314,25.4,1425,96,532,1327,1242,485,1141,857,1242,2802,1039,1523,1510,2.10E+04,1.10E+04,44.23,25.94,72.48,4.10E+04,61,52,-39,1.30E+04,747.80982,1.756,221.9,0.346,72.6
7/14/2001,16.9,78,0.3,9.1,414,47,1628,6.5,1531,24.8,1629,97,540,1288,1227,419,1225,835,1134,2785,1226,1710,1510,1.70E+04,9437,34.26,22.16,72.34,4.10E+04,47,40,-39,9427,746.3097,1.157,5.755,0.22,72.9
7/15/2001,18.4,74,0,9.1,451,33,1352,7.3,1110,28.2,1430,97,610,1213,1111,379,1117,813,1137,2544,1111,1557,1458,2.50E+04,7310,50.88,17.39,72.19,4.10E+04,70,61,-37,1.50E+04,749.30994,1.417,31.08,0.33,71
7/16/2001,20.4,70,0,10.4,507,34,1411,4.5,1416,29.7,1409,97,547,1140,1229,327,1314,759,1232,2395,1313,1394,1500,2.60E+04,7852,53.63,21.36,72.03,4.10E+04,74,64,-27,1.60E+04,751.56012,1.288,76.5,0.407,66.99
7/17/2001,18.7,91,3,16.8,2333,73,1328,4.5,29,22.8,1355,96,2355,758,1220,518,1220,508,1221,1576,1220,1011,1220,7025,7025,14.75,14.1,71.87,4.10E+04,21,17,-14,3870,751.56012,0.947,39.97,0.32,65.93
7/18/2001,21.2,75,0,14.2,514,36,1506,5.3,1412,30,1505,97,614,1116,1216,292,716,785,1217,2390,1134,1408,1448,2.10E+04,9872,44.16,24.18,71.7,4.10E+04,62,53,-36,1.30E+04,752.31018,1.412,88.7,0.397,68.68
7/19/2001,19.9,74,0,13.3,2359,42,1312,6.5,1203,27.5,1417,96,624,1171,1311,359,1312,809,1311,2435,1311,1216,1519,2.30E+04,1.10E+04,48.2,26.98,71.52,4.00E+04,67,57,-36,1.40E+04,755.31042,1.688,95.6,1.246,41.47
7/20/2001,20,69,0,10.2,414,29,1439,7.3,1108,30.1,1614,97,617,1081,1127,254,1040,724,1127,2238,1127,1455,1448,2.70E+04,6880,55.72,23.95,71.34,4.00E+04,78,67,-39,1.60E+04,754.56036,1.377,79.6,0.343,70.2
7/21/2001,21.4,63,0,10.8,503,25,1457,4.9,1414,31.7,1531,96,608,992,1227,194,1303,670,1257,2028,1257,1428,1441,2.70E+04,5493,54.44,21.73,71.15,4.00E+04,77,66,-38,1.60E+04,751.56012,1.495,155.6,0.467,67.16
7/22/2001,23.2,57,0,13,507,22,1426,7.7,1106,32.4,1420,95,546,932,1049,333,1524,622,1050,1890,1056,1607,1451,2.70E+04,6470,54.65,20.3,70.96,4.00E+04,77,67,-40,1.60E+04,750.81006,2.291,180.9,1.129,57.69
7/23/2001,25.5,60,0,14.6,220,33,1458,7.7,1313,34.4,1457,88,222,849,1236,305,1438,565,1136,1751,1202,1319,1430,2.50E+04,1.10E+04,50.29,31.1,70.76,4.00E+04,71,61,-29,1.50E+04,750.06,2.21,170.3,1.353,50.43
7/24/2001,28.7,61,0,21.8,452,34,1342,9.3,1227,36.4,1342,87,452,935,1338,343,1338,625,1338,1933,1338,1216,1422,2.30E+04,1.10E+04,48.14,28.6,70.56,4.00E+04,68,58,-27,1.40E+04,747.80982,2.461,215.7,1.72,44.45
7/25/2001,28.6,59,0,20.8,449,27,1359,8.1,1203,36.9,1324,95,532,1102,1127,370,1500,710,1128,2251,1127,1641,1433,2.40E+04,1.10E+04,49.48,24.58,70.35,4.00E+04,70,60,-25,1.50E+04,747.05976,1.986,253.6,0.918,59.4
7/26/2001,18.5,79,12.7,10.7,2358,38,1711,8.1,737,24,1556,95,2227,1106,1438,632,1346,665,1438,2322,1438,1998,1438,1.00E+04,6212,20.88,20.64,70.14,4.00E+04,30,25,-48,5272,750.81006,1.547,2.859,0.863,53.84
7/27/2001,15.8,67,0,6.5,501,26,1330,7.3,1507,24.5,1554,96,625,937,1114,269,740,610,1151,1912,1114,1529,1415,2.80E+04,5118,57.03,22.02,69.91,4.00E+04,82,70,-51,1.60E+04,756.81054,1.661,40.13,0.669,62.59
7/28/2001,17.6,65,0,7.3,436,31,1350,4.9,1322,26.5,1532,96,550,1094,1243,388,1234,734,1243,2305,1243,1835,1359,2.40E+04,1.20E+04,49.76,28.57,69.69,3.90E+04,71,61,-34,1.40E+04,757.5606,1.459,99.8,0.382,69.58
7/29/2001,19.4,67,0,11.3,2356,38,1359,6.5,1517,26.3,1400,95,2354,1089,1047,399,1038,724,1102,2260,1047,1261,1357,2.00E+04,1.20E+04,41.98,28.56,69.46,3.90E+04,60,52,-40,1.20E+04,755.31042,2.073,134.4,1.7,34.35
7/30/2001,18.8,66,0,9.1,436,26,1523,6.5,1356,28.5,1519,96,615,1096,1127,594,834,729,1207,2328,1127,1643,1351,2.50E+04,1.00E+04,53,31.53,69.22,3.90E+04,77,65,-58,1.50E+04,754.56036,1.696,95.8,1.165,45.32
7/31/2001,20.1,63,0,10.2,449,21,1406,5.7,1322,31.1,1454,96,608,901,1118,418,844,581,1205,1842,1117,1566,1349,2.70E+04,8262,55.14,25.42,68.98,3.90E+04,80,68,-50,1.50E+04,756.81054,1.451,119.6,0.447,67.39
8/1/2001,22,63,0,11.5,521,23,1413,5.3,1350,33.3,1456,94,529,921,1235,444,909,590,1235,1881,1235,1692,1339,2.60E+04,1.00E+04,53.78,25.88,68.73,3.90E+04,78,67,-32,1.50E+04,758.31066,1.541,98.8,0.255,74
8/2/2001,25.4,56,0,13.8,458,28,1415,9.3,1507,35.2,1406,94,522,871,1332,541,943,561,1334,1793,1141,1567,1334,2.50E+04,1.30E+04,50.49,29.55,68.47,3.90E+04,74,64,-33,1.40E+04,755.31042,2.198,209.5,1.331,50.88
8/3/2001,24.2,70,18.8,20,2341,43,1331,6.1,1526,33.3,1329,96,2350,965,1056,618,1038,615,1248,1946,1053,1418,1327,1.40E+04,1.30E+04,28.57,25.12,68.22,3.90E+04,42,36,-27,7987,750.06,1.732,182.8,0.827,58.54
8/4/2001,22.5,87,0,19.2,2343,64,1134,4.9,1513,27.5,1126,96,609,958,1121,615,1122,672,1122,1898,1123,1092,1122,9615,9615,19.91,18.85,67.95,3.80E+04,29,25,-23,5887,749.30994,1.506,119.5,1.052,44.47
8/5/2001,23.9,79,0,17.5,312,41,1558,4.9,1319,32.1,1419,96,344,1004,1106,697,1105,682,1106,1994,1106,1601,1338,2.00E+04,1.40E+04,41.57,32.68,67.68,3.80E+04,61,53,-24,1.30E+04,753.8103,1.353,86,0.048,79.5
8/6/2001,25.9,68,0,17,522,31,1634,4.9,1137,35.2,1438,96,617,881,1142,594,1059,596,1122,1798,1141,1668,1312,2.40E+04,1.70E+04,49.21,26.79,67.41,3.80E+04,73,63,-26,1.50E+04,753.06024,1.438,121.9,0.333,71
8/7/2001,27.4,68,0,18.4,516,35,1148,7.7,1304,36.1,1411,96,554,938,1034,693,1034,625,1034,1902,1034,1513,1257,2.10E+04,1.80E+04,43.8,29.57,67.13,3.80E+04,65,56,-26,1.30E+04,749.30994,1.683,178.9,0.685,62.36
8/8/2001,26.9,72,0,19.6,521,32,1437,6.1,1354,36.3,1430,96,315,906,1149,656,1149,600,1149,1866,1149,1648,1308,2.30E+04,1.90E+04,47.46,31.96,66.85,3.80E+04,71,61,-27,1.40E+04,748.55988,1.551,149.8,0.162,76.7
8/9/2001,29.4,57,0,18.6,503,24,1623,8.9,1500,39.2,1438,95,322,845,1156,646,1022,563,1219,1737,1232,1626,1310,2.40E+04,2.00E+04,50.44,35.3,66.56,3.80E+04,76,65,-27,1.50E+04,747.80982,1.828,199.4,0.761,61.89
8/10/2001,28,69,0,23.3,2352,53,1327,7.7,1154,31.3,1438,91,2217,1020,1324,700,1305,683,1324,2129,1324,1892,1325,1.20E+04,1.20E+04,25.6,25.18,66.26,3.70E+04,39,33,-26,6987,747.05976,2.007,231.6,1.048,55.99
8/11/2001,23.4,63,0,16.5,535,34,1059,6.1,1019,30.6,1146,88,2340,965,1124,824,955,633,1125,2005,1123,1287,1447,1.60E+04,1.60E+04,33.53,26.06,65.96,3.70E+04,51,43,-27,9318,752.31018,1.628,123.7,0.764,59.02
8/12/2001,21.5,90,11.4,19.5,635,78,312,3.7,216,24.7,1632,96,851,475,1328,416,1328,327,1328,997,1328,809,1328,4330,4330,9.46,9.24,65.66,3.70E+04,14,12,-14,2523,753.06024,1.096,110.4,0.438,62.77
8/13/2001,22.7,87,13.2,18.9,2239,54,1257,6.5,1343,29.8,1152,96,2335,925,1207,442,1206,609,1207,1798,1207,931,1207,1.20E+04,1.00E+04,24.73,21.05,65.35,3.70E+04,38,33,-27,7506,750.06,1.188,84.3,0.254,71.8
8/14/2001,21.6,77,0,15.9,2336,36,1350,5.7,1158,30.1,1402,97,631,923,1330,350,1426,623,1427,1819,1330,723,854,2.10E+04,8672,42.47,18.17,65.04,3.70E+04,65,57,-34,1.30E+04,749.30994,1.282,357.3,0.555,60.98
8/15/2001,21.4,66,0,13.4,438,21,1411,4.9,1258,30.4,1528,97,707,878,1205,171,722,578,1144,1749,1201,351.1,722,2.50E+04,4298,49.81,9.56,64.72,3.70E+04,77,68,-35,1.50E+04,752.31018,1.402,144.1,0.221,74.4
8/16/2001,22.6,64,0,13.5,507,31,1509,8.9,1704,31.7,1406,96,606,1023,1149,375,1235,685,1331,2059,1149,697,1235,2.30E+04,9791,45.58,21.14,64.4,3.60E+04,71,62,-36,1.30E+04,753.06024,2.424,159.4,1.528,49.24
8/17/2001,23,79,1,17.5,2326,61,1205,6.1,827,28.2,1201,92,509,877,1211,487,1021,546,1425,1675,1211,964,1146,9234,8910,18.87,17.33,64.07,3.60E+04,29,25,-38,4979,750.06,1.952,160.6,1.228,49.33
8/18/2001,21.6,70,0,13.5,507,36,1248,6.5,1433,30,1430,96,617,946,1115,409,1323,617,1115,1904,1115,739,1323,2.00E+04,1.10E+04,40.9,21.78,63.74,3.60E+04,64,56,-32,1.20E+04,750.06,1.77,200.2,0.491,68.85
8/19/2001,22.3,73,0,14.3,439,37,1239,6.1,1831,30.9,1236,96,534,1001,1228,486,1140,659,1229,2108,1139,949,1140,1.60E+04,1.10E+04,33.57,22.77,63.41,3.60E+04,53,46,-31,9715,749.30994,1.637,127.2,0.909,54.03
8/20/2001,22.7,82,1,17.9,2359,58,1528,6.5,708,29.6,1527,96,2259,943,1246,567,1246,632,1248,1947,1246,1132,1246,1.20E+04,1.00E+04,25.59,20.45,63.07,3.60E+04,41,34,-27,7372,748.55988,2.123,122.6,1.88,27.43
8/21/2001,21.6,73,0,14.6,520,37,1251,6.9,1314,30.1,1253,96,546,1003,1300,364,1429,631,1300,2062,1305,675.2,1429,2.00E+04,9746,40.64,19.86,62.73,3.50E+04,65,56,-27,1.20E+04,750.06,1.775,212.2,0.517,68.18
8/22/2001,20.9,69,0,12.5,531,28,1613,7.3,1446,31.1,1436,97,617,1119,1237,372,1237,704,1237,2257,1237,691.1,1237,2.30E+04,5149,45.9,11.07,62.38,3.50E+04,74,64,-34,1.30E+04,752.31018,1.677,167.5,0.206,75.9
8/23/2001,17.9,87,3.6,11.2,504,62,1152,4.1,109,24.7,1231,96,2356,454,841,316,1217,281,842,910,841,616.5,1218,8234,8146,17.22,16.19,62.02,3.50E+04,28,23,-17,4581,750.81006,1.102,49.23,0.177,74.2
8/24/2001,19.9,68,0,10,2359,20,1628,9.7,1350,29.3,1345,97,639,928,1201,331,822,591,1149,1900,1159,664.7,822,2.40E+04,5812,47.21,12.83,61.67,3.50E+04,77,68,-47,1.40E+04,751.56012,1.63,19.7,0.737,59.94
8/25/2001,18.6,63,0,8.3,446,31,1556,4.9,1309,28.5,1507,94,546,933,1205,159,1204,601,1201,1957,1204,295.7,1204,2.30E+04,4567,46.99,9.27,61.31,3.50E+04,77,67,-40,1.30E+04,754.56036,1.605,140.6,0.912,53.23
8/26/2001,20.5,69,0,10.3,457,37,1419,7.3,1240,29.4,1341,96,614,936,1316,380,1331,593,1317,1848,1316,724,1316,2.10E+04,8480,42.41,17.97,60.94,3.40E+04,70,60,-29,1.20E+04,751.56012,2.425,148.4,1.81,40.81
8/27/2001,22.3,80,0,17.5,2359,57,1049,6.1,826,28.2,1049,96,2345,931,1044,481,1032,595,1044,1880,1044,957,1032,9841,9553,20.63,19.05,60.57,3.40E+04,34,29,-25,5615,747.05976,1.715,162.2,0.505,68.03
8/28/2001,21.3,80,3,14.3,2356,27,1435,9.7,1620,33,1435,97,756,1010,1247,397,1248,649,1257,2051,1247,745,1248,1.80E+04,6956,35.8,13.94,60.2,3.40E+04,59,52,-22,1.10E+04,747.80982,1.781,224.4,0.567,66.87
8/29/2001,19.7,70,0,11.6,455,32,1446,6.5,1319,29.4,1500,97,630,1067,1208,284,1404,694,1207,2135,1208,510.2,1405,2.30E+04,5756,46.98,11.52,59.83,3.40E+04,79,69,-36,1.40E+04,750.81006,1.482,326.1,0.314,71.9
8/30/2001,19.5,74,0,9.1,515,38,1205,6.9,1604,28.2,1205,96,610,908,1153,464,1133,602,1153,1795,1153,935,1153,1.50E+04,9503,30.02,19.2,59.45,3.40E+04,50,44,-30,8498,752.31018,1.864,152.8,1.278,45.42
8/31/2001,24.5,77,0,21.8,8,51,1420,10.1,1512,30.7,1419,91,2206,851,1237,450,1149,567,1238,1659,1237,926,1149,1.10E+04,8890,22.16,17.48,59.07,3.30E+04,38,33,-23,6368,747.05976,2.439,151,2.091,30.61
9/1/2001,20.7,62,0,11.6,2359,29,1459,8.1,846,27.1,1325,94,449,1010,1058,297,1010,653,1046,2048,1034,551.2,1010,2.10E+04,4271,42,8.45,58.68,3.30E+04,72,63,-51,1.10E+04,747.05976,2.169,348,1.078,57.45
9/2/2001,14.7,65,0,5.2,537,27,1601,5.3,1046,24.6,1444,96,629,897,1205,230,1101,551,1205,1795,1212,431.7,1101,2.30E+04,3871,45.51,7.72,58.29,3.30E+04,78,69,-46,1.20E+04,753.06024,1.641,66.19,0.199,75.9
9/3/2001,17.8,67,0,7.2,528,34,1345,7.3,952,27.7,1423,96,614,879,1130,178,1131,541,1135,1801,1130,372.9,1132,2.10E+04,4740,42.99,10.58,57.9,3.30E+04,74,65,-41,1.10E+04,751.56012,2.339,152,1.652,43.89
9/4/2001,18.7,79,0.3,11,216,46,1347,8.5,1112,26.7,1345,96,2359,1006,1256,431,1013,630,1334,2137,1256,899,1013,1.00E+04,7470,21.14,14.6,57.5,3.30E+04,37,32,-27,5694,749.30994,1.814,199.9,0.537,67.95
9/5/2001,17,66,0,7.5,2339,29,1502,9.7,1254,24.7,1530,96,217,1032,957,346,957,618,1001,2051,956,642.2,957,2.00E+04,4522,40.56,8.78,57.11,3.20E+04,71,63,-38,1.10E+04,753.06024,1.888,12.17,0.851,60.03
9/6/2001,15.9,65,0,5.4,550,19,1358,5.3,1417,27.6,1451,96,650,820,1144,63,1259,498,1142,1632,1149,127.4,1254,2.20E+04,2524,44.8,5.4,56.7,3.20E+04,79,69,-33,1.20E+04,755.31042,1.541,168.3,0.224,74.9
9/7/2001,20.4,59,0,7.8,519,19,1311,8.1,1457,33,1441,95,614,817,1127,138,1330,492,1128,1624,1128,261.4,1330,2.10E+04,3688,43.23,7.77,56.3,3.20E+04,77,67,-39,1.10E+04,753.06024,1.84,183.4,0.956,56.16
9/8/2001,22.6,67,0,13.5,142,30,1446,8.9,1335,31.9,1455,94,147,824,1106,206,1150,508,1115,1645,1106,412.5,1151,2.00E+04,5614,40.8,11.92,55.89,3.20E+04,73,65,-36,1.10E+04,753.06024,2.405,167.6,1.544,48.45
9/9/2001,23.3,70,0,15.9,515,35,1318,8.1,1408,32.1,1318,96,533,899,1134,233,1023,565,1214,1812,1214,461.4,1025,2.00E+04,5614,40.25,12.15,55.48,3.10E+04,73,63,-37,1.10E+04,755.31042,2.273,156.1,1.582,44.68
9/10/2001,20.7,85,14.2,13.6,0,61,1324,8.9,1439,28.1,1324,95,400,,,,,699,1132,,,,,,,,,55.07,3.10E+04,,,-224,-2.00E+03,752.31018,1.783,146.4,0.963,54.94
9/11/2001,15.5,71,0,7.7,2335,26,1442,7.3,1157,25.6,1448,95,656,,,,,433,1050,,,,,,,,,54.65,3.10E+04,,,-247,-4.00E+03,751.56012,1.576,21.87,0.442,68.72
9/12/2001,14.9,67,0,5.4,548,25,1525,5.7,1100,25,1445,95,634,,,,,346,1219,,,,,,,,,54.23,3.10E+04,,,-242,-5.00E+03,753.06024,1.631,154.8,0.276,73.8
9/13/2001,18.3,62,6.6,10.5,518,29,1450,9.3,2022,29.6,1449,92,2359,,,,,328,1148,,,,,,,,,53.81,3.00E+04,,,-244,-6.00E+03,750.06,2.049,88.7,0.293,75
9/14/2001,10.5,82,19.8,4.7,2343,40,1537,6.5,234,16.3,1539,94,910,,,,,601,1244,,,,,,,,,53.39,3.00E+04,,,-252,-1.00E+04,752.31018,1.511,5.474,0.84,53.96
9/15/2001,8.7,71,0,-0.1,543,28,1435,6.5,938,18.8,1425,95,608,,,,,355,1229,,,,,,,,,52.96,3.00E+04,,,-248,-5.00E+03,753.06024,1.477,33.52,0.482,66.49
9/16/2001,10.3,72,0,-0.6,601,25,1343,5.7,1216,21.9,1403,95,606,,,,,321,1149,,,,,,,,,52.54,3.00E+04,,,-236,-5.00E+03,750.81006,1.338,292.8,0.025,80.3
9/17/2001,13.2,72,0,2.4,432,26,1341,4.5,1337,25.2,1543,96,2349,783,1133,54,1211,483,1138,1549,1150,109.6,1040,,,,,52.11,2.90E+04,,,-233,4498,752.31018,1.324,152.1,0.18,75.3
9/18/2001,14.8,75,0,5.9,500,31,1336,5.7,1146,26.1,1342,97,735,762,1144,248,1431,476,1127,1527,1203,450.2,1431,1.70E+04,4592,35.74,9.05,51.67,2.90E+04,69,60,-31,9883,751.56012,1.227,40.77,0.319,69.7
9/19/2001,17,74,0,7.8,600,32,1250,8.5,1537,27.4,1250,96,700,911,1147,271,1312,580,1138,1854,1146,503.6,1313,1.60E+04,5396,33.26,10.75,51.24,2.90E+04,65,56,-37,8979,754.56036,2.214,130.8,1.598,42.73
9/20/2001,18.6,88,30.5,15.8,200,70,1149,11.7,1216,22.5,1152,96,2033,318,952,283,952,208,953,675.2,952,568.3,954,3937,3937,8.7,8.59,50.81,2.90E+04,17,14,-22,2064,753.06024,2.869,139.2,2.562,26.52
9/21/2001,20.1,86,30.5,17.1,137,57,1511,6.9,159,26.3,1245,96,705,925,1150,393,1053,610,1055,1872,1150,785,1053,1.20E+04,7697,24.8,15.23,50.37,2.80E+04,49,43,-28,7640,750.81006,1.854,137.7,1.267,45.59
9/22/2001,19.2,83,0,12.3,2359,47,1501,5.7,1323,26.7,1440,97,635,833,1048,407,1011,550,1048,1622,1047,816,1011,1.20E+04,7470,24.69,15.25,49.93,2.80E+04,49,44,-34,7163,750.81006,1.552,167.2,0.617,62.86
9/23/2001,16.5,80,0,9.5,541,37,1422,4.5,1424,26,1403,97,702,866,1158,230,1222,566,1207,1739,1158,438.3,1222,1.70E+04,4917,33.7,10.6,49.49,2.80E+04,68,59,-34,9364,753.06024,1.344,108,0.428,66.87
9/24/2001,19.2,81,0,10.8,345,55,1313,11.3,1705,27.1,1312,97,420,807,1231,413,1050,539,1232,1580,1231,842,1050,1.20E+04,9084,23.43,17.84,49.05,2.80E+04,48,42,-15,7117,749.30994,2.957,136.9,2.536,30.54
9/25/2001,18.4,86,34.3,9.9,2334,73,1524,12.9,110,21.5,1325,95,621,778,1202,479,1202,482,1202,1648,1202,885,1202,5904,5904,12.5,11.89,48.61,2.70E+04,26,21,-47,3008,745.55964,2.501,178.9,1.572,49.36
9/26/2001,10.6,77,0,5.2,555,44,1437,8.5,1244,18,1436,96,634,975,1244,337,1246,639,1244,1928,1228,599.4,1246,1.60E+04,5302,32.3,9.79,48.16,2.70E+04,67,60,-46,9054,749.30994,2.153,211.2,0.81,63.98
9/27/2001,9.9,83,0,3.4,517,44,1250,5.7,1320,18,1244,96,632,895,1242,388,1146,565,1306,1835,1216,712,1146,8000,6443,16.17,12.01,47.72,2.70E+04,34,30,-34,4163,747.80982,1.449,131.3,0.866,51.4
9/28/2001,11.2,85,0,7.6,305,50,1344,9.7,1344,17.9,1324,96,555,961,1212,376,1211,633,1212,1856,1211,705,1211,1.00E+04,7129,20.79,13.45,47.28,2.70E+04,44,39,-33,5812,750.06,1.441,352.4,0.725,57.07
9/29/2001,11.7,75,0,5,2328,40,1331,8.9,1248,18.4,1245,93,306,987,1058,377,840,638,1228,1980,1116,693.9,840,1.10E+04,6927,22.07,12.84,46.83,2.60E+04,47,42,-45,5648,754.56036,1.769,5.515,1.167,47.25
9/30/2001,10,67,0,2.8,514,37,1447,6.1,1040,15.5,1329,94,255,632,1030,315,1138,400,1030,1232,1030,563.2,1139,9205,7870,18.14,14.31,46.39,2.60E+04,39,35,-34,4310,754.56036,1.524,11.91,1.062,44.57
10/1/2001,10.8,78,3.3,5,2334,36,1445,5.3,547,19.3,1608,96,2350,634,1208,389,1205,405,1207,1274,1208,700,1205,8820,5593,17.47,10.19,45.94,2.60E+04,38,34,-37,4276,747.80982,1.457,49.04,0.511,65.26
10/2/2001,12.2,82,0,3.1,436,43,1537,6.1,1217,23.8,1454,97,423,803,939,292,933,505,948,1552,938,553.3,933,1.70E+04,4657,33.4,9.75,45.49,2.60E+04,73,65,-32,9418,748.55988,1.552,155.4,0.503,66.6
10/3/2001,17.2,74,0,6.5,518,38,1337,8.1,1347,27.5,1433,97,739,698,1154,166,808,438,1138,1375,1154,340,807,1.60E+04,3645,31.6,8.08,45.04,2.50E+04,70,62,-29,8807,750.81006,1.694,169.2,0.974,52.82
10/4/2001,20.4,61,0,13.2,2348,36,1427,8.5,1506,27.4,1439,86,2348,668,1153,94,1148,420,1152,1318,1158,202,1148,1.60E+04,3249,31.8,7.25,44.6,2.50E+04,71,64,-35,8163,750.06,2.022,192.2,1.161,52.84
10/5/2001,18.9,61,0,9.6,544,30,1351,10.1,1255,26.9,1327,94,557,656,1153,142,1306,410,1150,1290,1149,304.3,1305,1.60E+04,3749,31.04,8.7,44.15,2.50E+04,70,63,-34,7912,748.55988,2.392,167.3,1.466,50.4
10/6/2001,13.5,72,3.8,3.4,2215,40,1605,14.8,819,19.7,659,95,2221,754,1113,221,1103,466,1114,1532,1113,409.9,1103,1.10E+04,2144,21.44,4.35,43.7,2.50E+04,49,44,-46,4904,744.80958,2.921,240.1,1.189,62.37
10/7/2001,6.2,59,0,0,624,24,1522,11.7,1325,13.3,1353,95,643,939,1119,272,1119,580,1149,1820,1119,472.8,1119,1.40E+04,4577,26.48,8.48,43.26,2.40E+04,61,56,-53,5979,751.56012,2.461,287.7,1.805,41.8
10/8/2001,3.2,69,0,-3.2,620,31,1553,10.5,1334,11.5,1320,97,651,767,943,198,942,467,943,1468,944,355.4,942,1.70E+04,2323,33.02,4.71,42.82,2.40E+04,77,71,-47,8146,760.56084,1.77,357.1,0.488,68.93
10/9/2001,11.3,44,0,1.5,808,24,1505,8.5,1618,16,1510,94,807,699,1145,109,1558,415,1145,1347,1143,198,1558,1.60E+04,1936,30.6,3.87,42.37,2.40E+04,72,66,-40,8213,764,2.275,206.9,1.343,51.85
10/10/2001,12.4,55,0,5.7,519,30,1338,7.3,35,21.3,1509,92,2228,677,1132,194,954,411,1132,1334,1132,365.6,953,1.50E+04,3754,30.28,7.39,41.93,2.40E+04,72,64,-35,7046,761,1.964,156.9,1.297,47.19
10/11/2001,14.5,75,0,3.9,615,39,1341,6.9,1243,24.2,1336,96,728,661,1130,75,1508,403,1139,1312,1130,147.2,1524,1.50E+04,2445,30.98,5.09,41.49,2.30E+04,75,66,-36,7824,757,2.068,145.7,1.477,43.28
10/12/2001,14.9,80,0,6.3,615,38,1424,7.3,1332,25.2,1240,97,720,752,1231,240,1318,468,1231,1507,1231,444.8,1318,1.40E+04,4941,28.76,9.85,41.04,2.30E+04,70,61,-28,7740,754,1.615,142.2,0.9,53.9
10/13/2001,17.7,76,0,11.5,120,45,1344,6.1,1304,26.1,1334,96,707,794,1053,266,1053,521,1053,1602,1053,500.9,1053,1.30E+04,4425,27.75,9.35,40.6,2.30E+04,68,59,-33,7188,754,2.078,134.3,1.769,31.24
10/14/2001,14.5,83,0,10.3,540,69,1509,7.7,1936,17.3,1502,94,549,391,1453,208,1306,210,1437,807,1453,395.4,1306,4297,4071,8.97,7.8,40.17,2.30E+04,22,19,-38,2173,752,2.893,126.1,2.666,22.66
10/15/2001,13.9,75,10.2,3.8,2357,29,1417,10.9,1219,21.2,1341,96,2352,852,1157,268,1159,553,1157,1659,1157,503.7,752,1.50E+04,3636,29.24,7.54,39.73,2.20E+04,74,66,-39,7753,750,2.443,242.2,0.666,69.08
10/16/2001,10.9,78,2.3,0.9,608,39,1129,12.5,1219,19.4,1345,98,621,787,1223,243,1312,504,1219,1559,1223,441.6,1312,1.20E+04,3442,24.57,7.07,39.29,2.20E+04,63,55,-39,6247,751,2.668,135.2,1.871,44.28
10/17/2001,9.2,64,0,5.9,403,36,1410,13.6,1506,14.5,1208,94,145,892,1134,338,1200,535,1052,1802,1147,617.3,1200,6694,5423,13.25,10.28,38.86,2.20E+04,34,30,-43,3171,745,3.732,258.2,2.828,39.87
10/18/2001,6.1,59,0,-2.2,2348,29,1454,9.3,254,13.3,1331,95,2254,674,1035,101,1021,392,1033,1290,1034,340.8,744,1.50E+04,2000,29.25,5.12,38.43,2.20E+04,76,70,-46,6347,755,2.101,301.1,0.824,63.15
10/19/2001,7.6,68,0,-3.2,517,33,1302,8.5,1022,17.3,1301,97,119,716,1042,271,1041,429,1042,1413,1042,499.7,1041,1.30E+04,5697,25.35,10.7,38,2.10E+04,67,60,-37,6050,754,2.226,152.6,1.675,40.28
10/20/2001,10.7,72,0,2.3,2351,30,1340,9.7,1303,20.1,1311,95,2358,731,1138,325,957,455,1138,1410,1138,618.5,957,1.10E+04,5073,22.66,10.17,37.58,2.10E+04,60,54,-37,5435,752,2.026,160.2,0.694,65.69
10/21/2001,13.4,70,0,1.3,618,33,1352,8.5,1403,24.3,1348,97,644,673,1038,232,1034,413,1039,1331,1038,460.7,1034,1.30E+04,3631,25.86,8.17,37.15,2.10E+04,70,61,-36,6519,754,2.102,163,1.51,42.98
10/22/2001,12.9,70,0,5.8,2357,36,1207,5.7,746,20.1,1209,92,413,795,1205,383,1205,493,1205,1523,1205,725,1205,9247,3882,18.59,8.63,36.73,2.10E+04,51,45,-32,4418,752,1.425,47.55,0.726,56.73
10/23/2001,14.1,77,0,5.9,0,49,1134,12.5,1331,19.7,1150,92,17,585,1137,304,1155,355,1138,1179,1137,601.9,1155,8619,5848,17.41,12.03,36.31,2.10E+04,48,42,-30,4770,749,2.709,150.3,2.12,37.79
10/24/2001,20,73,0,14.5,528,41,1357,5.3,1248,27.7,1350,93,619,612,1047,199,1421,369,1047,1232,1047,387.3,1420,1.00E+04,3891,21.31,8.48,35.9,2.00E+04,59,51,-24,5364,744,1.905,163.1,1.329,44.56
10/25/2001,17.2,55,0,9.7,2359,13,1440,14.8,1435,25,1030,91,137,714,1232,294,1027,436,1025,1458,1232,570.9,1027,8217,3981,16.55,8.1,35.49,2.00E+04,47,41,-48,2950,741,3.689,227.9,2.051,53.97
10/26/2001,8.7,40,0,3.7,2355,28,1247,12.9,900,13.3,1246,61,2356,786,1129,288,1129,464,1130,1516,1129,533.3,1128,7849,5040,15.41,10.5,35.08,2.00E+04,44,40,-45,2302,743,3.579,250.9,3.112,29.25
10/27/2001,6.1,56,0,3.1,250,33,1222,9.7,1020,13.1,1222,71,515,786,1225,256,1053,487,1225,1527,1225,503.7,807,8351,4123,16.31,9.12,34.67,2.00E+04,47,43,-45,3443,749,2.816,299.9,1.643,52.27
10/28/2001,3.2,59,0,-3.9,2358,33,1348,9.7,1032,9.7,1308,89,2356,599,1128,112,946,332,1115,1141,1145,507.7,819,1.30E+04,1832,25.63,5.68,34.27,1.90E+04,75,69,-47,4841,760,1.968,358.6,1.086,54.22
10/29/2001,3.3,68,0,-6.8,552,31,1353,5.3,1408,13.2,1437,95,604,576,1114,112,1521,322,1124,1114,1142,560.6,830,1.30E+04,2258,24.41,7.11,33.88,1.90E+04,72,67,-29,5841,761,1.467,153.4,0.679,59.37
10/30/2001,5.4,58,0,-3.3,2359,24,1449,9.3,1140,13.6,1341,94,704,587,1203,115,830,327,1203,1123,1203,240.9,829,1.20E+04,2237,23.91,5.15,33.48,1.90E+04,71,66,-50,4653,761,1.842,24.3,0.786,61.33
10/31/2001,1.2,78,0.3,-5.9,350,46,1020,3.3,6,5.3,1038,91,1806,304,959,198,957,178,959,606.7,1000,386.9,956,2193,2193,4.63,4.63,33.1,1.90E+04,14,12,-43,408,763,1.146,87.8,0.379,66.26
11/1/2001,12.6,71,0,4.5,29,41,1332,7.7,1140,20.3,1433,91,330,580,1140,262,1241,341,1140,1137,1140,496.3,1241,9749,5215,19.09,10.59,32.71,1.80E+04,58,53,-28,4510,758,2.564,161.5,2.209,30.12
11/2/2001,17.1,71,0,10.4,722,47,1257,8.5,1212,23.6,1256,93,729,569,1247,260,935,341,1248,1112,1248,542.5,1248,9807,4948,19.3,10.9,32.33,1.80E+04,60,54,-27,4715,755,2.748,171.3,2.439,27.16
11/3/2001,15.2,63,0.3,6,2125,21,1445,7.7,222,21.1,1401,94,611,730,1159,290,1012,422,1200,1420,1159,568.2,1012,8251,4115,16.38,8.26,31.96,1.80E+04,51,46,-43,3356,754,1.92,281.6,0.626,66.49
11/4/2001,7.8,67,0.3,-1.5,653,37,1436,7.3,1228,15.5,1417,96,705,654,1100,183,1059,367,1102,1262,1100,404.7,811,1.20E+04,2361,22.67,6.34,31.59,1.80E+04,72,66,-36,4736,752,1.767,143.1,0.396,71.3
11/5/2001,5,70,0,0,647,42,1138,13.6,1110,9.2,1135,94,324,761,1054,356,1149,464,1054,1436,1054,674,1149,5966,3737,11.65,8.13,31.22,1.80E+04,37,34,-37,2497,749,2.774,332.3,2.305,33.33
11/6/2001,5.3,58,0,-3.1,2359,32,1449,12.1,720,11.7,1330,87,2359,549,1140,77,911,297,1132,1044,1128,301,755,1.20E+04,1719,22.59,4.68,30.86,1.70E+04,73,68,-45,3849,751,2.883,344.3,2.159,40.6
11/7/2001,6.3,70,0,-3.2,139,46,1440,10.5,1339,16.6,1232,91,631,613,1036,310,1036,363,1037,1115,1036,611.3,1036,6502,4552,12.65,9.06,30.51,1.70E+04,41,38,-40,2233,750,1.934,5.946,0.563,68.19
11/8/2001,5.4,72,0,-5.3,701,39,1409,7.3,2241,13.4,1408,96,512,534,1108,248,1118,285,1108,1098,1118,491.1,1403,8171,3576,15.17,8.83,30.16,1.70E+04,50,48,-39,3096,753,2.168,165.4,1.65,39.59
11/9/2001,5.6,58,0,-3.3,2342,35,1222,12.5,504,11.3,5,86,2344,621,1202,140,1203,328,1057,1180,1202,442.9,1444,1.20E+04,2159,21.86,6.36,29.81,1.70E+04,73,68,-42,4230,753,2.732,313.4,1.522,53.92
11/10/2001,3.6,64,0,-3.9,7,32,1520,7.7,1309,12.7,1514,89,436,743,1150,315,1138,432,1150,1410,1150,585.5,1139,8318,5325,16.24,10.87,29.47,1.70E+04,55,50,-34,3046,749,2.183,159.8,1.352,49.97
11/11/2001,2.3,58,0,-6.8,2359,30,1434,10.5,1232,8.4,1230,88,13,657,1134,243,1045,371,1132,1275,1118,442.3,1045,9138,3300,17.36,7.45,29.14,1.60E+04,60,55,-48,2868,753,2.412,335.3,1.453,51.08
11/12/2001,-1.4,66,0,-9.2,522,30,1450,7.3,1043,8.4,1327,94,607,762,1103,293,1103,402,1103,1443,1103,539.4,1102,9042,4184,17.15,9.3,28.82,1.60E+04,60,55,-43,2804,760,1.982,344.5,0.178,77.3
11/13/2001,1.6,65,0,-9.7,319,39,1432,6.1,1337,11.6,1345,92,325,493,1111,75,1146,252,1145,936,1142,392.9,831,1.10E+04,2103,19.97,6.08,28.5,1.60E+04,70,67,-34,3636,762,1.807,167.7,1.185,47.53
11/14/2001,8.4,55,0,2.3,325,34,1300,7.3,958,15.1,1256,72,737,652,1221,325,1221,385,1221,1220,1221,631,1221,7707,2968,14.84,7.41,28.18,1.60E+04,53,48,-33,2823,757,2.179,161.6,1.732,36.69
11/15/2001,12.6,59,0,5.2,446,42,1336,6.1,1427,19.5,1335,77,853,457,1200,188,913,241,1200,894,1201,363,914,7991,3328,15.46,7.58,27.88,1.60E+04,55,51,-26,3489,753,2.008,173.9,1.497,40.86
11/16/2001,14,56,0,5.8,2359,27,1456,9.3,1937,21.5,1350,70,215,553,1116,266,1116,318,1116,1034,1116,546.4,1116,8866,4243,16.98,10,27.58,1.60E+04,62,57,-43,2937,752,2.561,286.7,1.003,63.18
11/17/2001,2.4,57,0,-3.6,2350,24,1447,5.7,6,9.2,1333,81,2347,507,1138,92,1141,254,1138,968,1137,439.7,837,1.00E+04,2035,19.36,5.98,27.28,1.50E+04,71,66,-42,2717,761,1.781,11.21,0.689,63.42
11/18/2001,7.1,69,0,-3.6,5,39,1422,7.3,1442,16.1,1420,86,517,476,1129,62,1140,244,1130,917,1129,430.4,843,9799,1783,18.98,5.61,27,1.50E+04,70,64,-36,2874,758,2.52,173.3,2.013,36.35
11/19/2001,9.8,76,0,5.1,542,53,1309,8.5,1021,15.2,1356,91,545,460,1149,109,927,238,1137,889,1149,483.7,1400,8945,2719,17.14,7.05,26.72,1.50E+04,64,59,-35,2776,751,2.858,161.7,2.614,23.69
11/20/2001,5.5,74,5.6,-2.1,2337,45,1310,9.3,438,12.1,205,94,829,659,1124,231,1122,386,1217,1287,1123,416.6,1122,4774,3673,9.32,6.77,26.45,1.50E+04,35,32,-43,1492,747,2.046,303.6,1.188,52.47
11/21/2001,1,68,0,-6.5,706,38,1447,5.7,1219,7.7,1413,95,728,563,1216,132,1214,298,1211,1059,1216,475.4,855,1.00E+04,2041,18.47,6.39,26.18,1.50E+04,71,69,-41,3151,752,1.903,161.6,1.408,41.33
11/22/2001,3.9,65,0,-2,2350,38,1302,4.5,1114,11.9,1337,93,2359,459,1151,125,1258,234,1138,875,1151,444.9,901,8301,2634,15.97,6.88,25.92,1.50E+04,62,57,-35,2588,753,1.743,138.2,1.187,45.72
11/23/2001,5.1,79,0,-3.6,624,45,1327,6.5,1150,14,1326,96,617,448,1104,110,942,234,1105,861,1139,421.2,908,8494,2408,16.4,6.26,25.67,1.50E+04,64,59,-36,3146,757,2.135,130.4,1.765,33.71
11/24/2001,9.8,88,1.8,6.5,458,81,216,7.3,1945,12.9,2328,96,1141,212,1244,193,1246,134,1244,454.8,1244,371.6,1245,1731,1731,3.73,3.7,25.43,1.40E+04,15,12,-20,943,759,2.166,129.5,1.467,46
11/25/2001,14.7,85,11.7,12.1,2235,69,1608,11.7,1246,18.1,1411,96,2358,327,1028,274,1028,205,1028,706,1027,542.5,1028,3330,3330,7.11,6.99,25.19,1.40E+04,28,23,-18,1860,755,3.457,143.6,2.981,30.07
11/26/2001,9.7,86,0,4,2358,67,1446,5.7,2025,13,1445,96,931,512,1227,239,1148,244,1227,1073,1227,557.7,1438,3197,3197,6.65,6.46,24.96,1.40E+04,27,23,-38,1208,754,1.425,350.3,0.487,65.71
11/27/2001,7.1,82,0,1,623,61,1234,4.9,1420,11.4,1330,97,757,534,1327,251,1328,308,1327,1059,1327,508.9,1327,5460,4671,11.3,9.25,24.74,1.40E+04,46,39,-21,2717,753,1.368,157.4,0.709,56.23
11/28/2001,9.4,79,0.8,2.8,2358,47,1409,5.7,1222,16.3,1405,96,938,488,1133,139,1155,265,1133,960,1133,418.4,1423,7330,2612,14.66,6.66,24.53,1.40E+04,60,53,-24,3217,756,1.709,14.25,0.51,67.84
11/29/2001,5.8,93,0.5,2.2,127,84,631,8.9,544,8.2,2334,96,2332,61,1216,60,1217,38,1217,145.9,1216,132.7,1216,590,590,1.42,1.42,24.33,1.40E+04,6,4,-8,104,757,1.869,129.2,0.936,57.22
11/30/2001,14,91,2,7.8,1,83,2245,10.1,1712,17.9,2101,97,834,523,1139,336,1138,308,1139,1055,1139,639.7,1138,2218,2218,4.97,4.72,24.13,1.40E+04,21,16,-19,1341,751,2.876,160.9,2.298,36.31
12/1/2001,13.5,72,0,2.2,2359,41,1454,10.9,1505,18.9,1359,95,318,439,1131,53,1210,241,1132,866,1131,452.8,908,8678,1473,17.24,5.89,23.94,1.40E+04,72,64,-40,3054,751,2.762,234.8,1.724,49.66
12/2/2001,3.2,87,0,-2.4,2313,57,1459,3.7,153,10,1404,97,2351,299,1110,217,1108,180,1110,607.6,1110,420.7,1108,3427,3427,7.21,6.94,23.76,1.30E+04,30,26,-32,1116,757,1.332,121.8,0.814,50.52
12/3/2001,3.6,73,0,-5.4,414,46,1428,7.3,1317,12.9,1419,97,38,435,1135,64,1021,228,1124,843,1144,453.4,1415,8774,1676,16.54,6.45,23.59,1.30E+04,70,66,-37,3000,757,1.87,160,1.289,45.14
12/4/2001,7.2,67,0.3,-3.5,657,42,1446,4.9,1933,15.3,1443,96,742,549,1210,179,1210,312,1210,1084,1212,560.9,1437,8176,2245,16.08,6.86,23.43,1.30E+04,69,62,-33,3318,758,1.717,144.5,1.017,51.71
12/5/2001,13.1,62,0,5,744,45,1348,6.5,1516,19.4,1413,87,747,544,1222,226,1222,346,1222,1100,1223,451.4,1222,6653,2662,13.74,7.78,23.28,1.30E+04,59,51,-30,2710,757,1.97,161.7,1.365,44.87
12/6/2001,15.3,48,0,9.5,27,32,1101,9.7,1522,21.1,1137,70,26,562,1054,214,1047,332,1049,1104,1054,413.1,1328,4950,3186,10.19,6.35,23.13,1.30E+04,44,38,-30,2181,751,2.588,236.3,1.535,51.65
12/7/2001,7.9,64,0,-3.1,2317,33,1554,8.1,1502,14.9,1212,91,741,494,1122,154,1115,260,1153,968,1214,424.4,909,6594,2089,13.3,6.44,22.99,1.30E+04,58,51,-44,1649,750,1.678,317.2,0.344,72.2
12/8/2001,0.2,78,3.8,-5.1,651,49,1137,5.3,946,4.4,1150,97,2357,381,940,185,1008,190,1007,737,940,500.4,915,3766,2915,7.21,6.59,22.86,1.30E+04,32,29,-27,1493,754,1.37,14.91,0.547,62.78
12/9/2001,-1.1,93,8.4,-6.7,2322,76,1431,6.9,1348,2.7,1344,97,203,410,1320,229,1246,38,1245,747,1320,482.5,1429,3682,2719,7.12,5.83,22.74,1.30E+04,31,29,-82,-457,753,1.352,1.384,0.667,57.67
12/10/2001,-2.1,89,0,-9.6,722,65,1248,5.3,1157,5.3,1332,96,1019,489,1244,183,1239,85,1317,957,1151,360.4,1239,7636,2938,14.26,6.67,22.63,1.30E+04,63,60,-28,372,759,1.231,138.5,0.805,47.67
12/11/2001,2.4,83,0,-2.6,2359,54,1327,6.5,1431,8.8,1326,97,754,546,1131,213,1138,173,1131,1035,1136,404,1136,5866,2705,11.64,6.38,22.53,1.30E+04,52,46,-42,532,759,1.446,36.72,0.667,59.45
12/12/2001,1.6,81,0,-5.9,655,57,1307,8.5,1043,8.2,1343,96,920,437,1142,108,1433,225,1209,848,1142,491.2,920,8117,2159,15.14,5.98,22.43,1.30E+04,67,64,-16,3209,762,1.936,113.3,1.329,45.35
12/13/2001,5.9,93,0,2.9,658,81,0,5.7,2238,10.4,2245,97,1448,85,1406,84,1406,55,1406,188.1,1406,172.3,1406,915,915,2.09,2.06,22.35,1.30E+04,9,7,-9,500,751,1.455,167.9,0.784,54.98
12/14/2001,8.3,96,7.9,6,400,91,0,4.9,1854,10,0,97,1158,122,1156,121,1155,81,1156,271.9,1155,246.8,1155,1145,1145,2.59,2.54,22.27,1.30E+04,12,9,-8,710,747,1.325,81,0.337,69.93
12/15/2001,2.6,80,0,-4.9,2301,54,1447,10.9,902,9.9,323,97,49,591,1251,244,1251,360,1252,1128,1249,441.6,1251,4142,2212,8.26,5.18,22.21,1.30E+04,37,33,-49,629,753,2.448,336.1,1.405,52.87
12/16/2001,-1.5,66,0,-5.3,605,34,1444,6.1,1040,3.3,1250,89,20,436,1212,177,1137,238,1213,845,1212,392.8,935,7577,2974,14.48,6.89,22.15,1.30E+04,65,61,-40,2607,761,1.569,358.6,1.242,36.99
12/17/2001,0.5,88,7.6,-2,26,70,131,4.9,1036,3.1,1636,97,2322,100,1212,98,1212,62,1044,224.4,1212,204,1212,1210,1210,2.71,2.65,22.1,1.20E+04,12,10,-8,567,749,1.165,109.5,0.293,70.1
12/18/2001,3.7,83,7.6,1.4,813,59,1504,12.1,1249,7.7,1238,97,758,547,1229,224,1222,338,1229,1020,1230,415.8,1222,3565,2765,7.12,5.4,22.06,1.20E+04,32,29,-37,1530,736,2.463,330,1.982,35.82
12/19/2001,4.2,70,0,-0.5,2225,50,1115,6.9,1002,8.7,1413,92,2232,396,1049,233,1129,225,1049,787,1049,569,916,5686,4049,11.52,8.81,22.03,1.20E+04,52,46,-36,1961,745,1.978,205.5,0.811,62.23
12/20/2001,3.8,70,0,1.1,2236,35,1438,12.9,1400,7.9,1133,93,641,522,1130,203,1347,289,1133,983,1130,638.3,1418,4356,2713,8.56,7.14,22,1.20E+04,39,35,-33,1348,742,2.989,247.4,2.065,45.05
12/21/2001,0.7,63,0,-4.1,2222,44,1453,11.3,1241,4.3,1222,76,2224,529,1059,234,1224,260,1013,1035,1059,431.7,1224,4448,3502,8.93,7.55,21.99,1.20E+04,41,36,-44,442,749,2.865,325.6,2.289,36.32
12/22/2001,-3.2,69,0,-8.3,718,42,1404,6.5,220,2.8,1348,92,731,430,1145,48,1215,216,1148,820,1151,464.7,1421,8678,1313,16.2,6.16,21.98,1.20E+04,74,70,-46,1688,758,1.508,351,0.82,54.68
12/23/2001,-0.4,71,3,-10.5,702,37,1402,5.7,1533,7.8,1356,95,2358,600,1225,250,1223,348,1226,1158,1225,468.7,1223,7494,3303,13.4,7.87,21.99,1.20E+04,61,60,-19,3268,753,1.963,148.4,1.496,39.49
12/24/2001,2,90,9.7,-4.4,2329,64,1347,5.3,106,5,1345,97,1106,450,1338,207,1337,144,1707,811,1338,392.7,1337,2222,2195,4.53,4.18,22,1.20E+04,21,18,-55,25,744,1.372,16.72,0.332,70.5
12/25/2001,-2.5,71,0,-8.1,735,44,1332,5.3,116,2.5,1251,93,757,493,1220,125,1220,129,1222,927,1220,460,1420,8531,1697,15.8,6.56,22.03,1.20E+04,72,68,-154,313,749,1.766,154,0.795,60.07
12/26/2001,-3.8,68,0,-11,2356,39,1426,5.7,1004,2,1416,92,2306,576,1150,209,1338,208,1150,1084,1150,633,1414,6795,2879,13.13,7.41,22.06,1.20E+04,60,54,-194,520,745,1.508,166.1,0.956,49.02
12/27/2001,-6.5,67,0,-13.3,457,41,1454,8.9,1227,-0.7,1449,92,109,479,1153,159,1347,168,1152,885,1153,424.4,1437,7715,2329,13.15,6.61,22.1,1.20E+04,60,62,-297,892,741,2.563,244.3,1.516,51.77
12/28/2001,-3.2,66,0,-9.3,709,42,1351,14.8,1700,3.2,1354,85,714,438,1215,247,1147,147,1215,818,1214,447.6,1147,4962,3638,9.66,7.1,22.15,1.30E+04,44,40,-92,-31,741,2.587,217.8,1.935,40.68
12/29/2001,-2.7,63,0,-6.5,731,50,1159,9.3,1224,2.1,1158,79,810,586,1147,304,1147,185,1149,1097,1147,552.5,1147,4376,3416,8.47,6.95,22.21,1.30E+04,38,35,-130,-217,743,2.462,240.1,1.881,39.36
12/30/2001,-4.4,55,0,-7.7,720,35,1323,12.5,1344,0.1,1304,72,720,434,1143,101,1433,185,1926,810,1153,516.2,1412,8381,1703,15.67,6.2,22.28,1.30E+04,70,67,-101,-598,746,3.863,249.2,3.519,24.16
12/31/2001,-5.6,55,0,-10.3,658,35,1344,8.9,1528,0.2,1344,71,704,442,1236,159,1412,143,1224,833,1233,660.7,1413,8544,1930,16,6.85,22.35,1.30E+04,72,68,-162,-703,749,3.119,241.6,2.781,26.65
